part_id,site_id,forecast_date,P10,P50,P90
P00001,SITE01,2024-12-30,0.0,0.9303758990411121,4.088104788421253
P00001,SITE01,2025-01-06,0.0,0.9930329730914239,4.279014189951409
P00001,SITE02,2024-12-30,0.0,1.346018446758102,3.3689828546443623
P00001,SITE02,2025-01-06,0.0,1.4510795975602826,3.457119893904954
P00001,SITE03,2024-12-30,0.0,1.1405391285607969,2.9755636434838366
P00001,SITE03,2025-01-06,0.0,1.217668516221657,3.1630304849118676
P00001,SITE04,2024-12-30,0.0,2.6682369881734385,7.265521822014734
P00001,SITE04,2025-01-06,0.0,2.7366140253757942,7.13974270894806
P00001,SITE05,2024-12-30,0.0,1.2586436468514601,4.270964166299259
P00001,SITE05,2025-01-06,0.0,1.3527129446743587,4.467684856689235
P00001,SITE06,2024-12-30,0.0,1.2662078432500778,4.567869534298367
P00001,SITE06,2025-01-06,0.0,1.3967366290124676,4.796641701212801
P00002,SITE01,2024-12-30,0.0,1.7544201050727455,6.053617802191396
P00002,SITE01,2025-01-06,0.0,1.8720675160156521,6.138527954840849
P00002,SITE02,2024-12-30,0.9999973028734622,4.532187179501462,8.154777529157279
P00002,SITE02,2025-01-06,0.9999973028734622,4.61915706020734,8.203872194647298
P00002,SITE03,2024-12-30,0.9999973028734622,6.965581063917049,16.904625024376276
P00002,SITE03,2025-01-06,0.9999973028734622,7.051548829781191,16.839299328964362
P00002,SITE04,2024-12-30,0.9999973028734622,5.678844767641282,14.781350197474655
P00002,SITE04,2025-01-06,0.9999973028734622,5.74585077108603,14.802454116408343
P00002,SITE05,2024-12-30,0.9999973028734622,4.089336725214823,7.421389033955185
P00002,SITE05,2025-01-06,0.9999973028734622,4.1693218580236895,7.539597788487988
P00002,SITE06,2024-12-30,0.9999973028734622,4.720028475292619,14.17935692350067
P00002,SITE06,2025-01-06,0.9999973028734622,4.793707328014058,13.986355713349287
P00003,SITE01,2024-12-30,0.0,1.337959696042095,4.129364313448259
P00003,SITE01,2025-01-06,0.0,1.3408559927317152,4.1501805491780885
P00003,SITE02,2024-12-30,0.0,2.7635837207543,8.173180044938078
P00003,SITE02,2025-01-06,0.0,2.8496510729754188,8.471883108208992
P00003,SITE03,2024-12-30,0.0,0.09937161326948445,4.37662613891099
P00003,SITE03,2025-01-06,0.0,0.1481654057105055,4.537770185970804
P00003,SITE04,2024-12-30,0.9999973028734622,4.416830128796212,12.240658847621777
P00003,SITE04,2025-01-06,0.9999973028734622,4.459136026483128,12.338353365502504
P00003,SITE05,2024-12-30,0.0,2.67007653696052,7.139963179498842
P00003,SITE05,2025-01-06,0.0,2.706042069457833,7.166069873279047
P00003,SITE06,2024-12-30,0.0,2.3553403326163003,7.2821280879467984
P00003,SITE06,2025-01-06,0.0,2.40096047072363,7.44053188510533
P00004,SITE01,2024-12-30,0.0,0.11334966340214384,1.836517440216653
P00004,SITE01,2025-01-06,0.0,0.057460601993752344,1.6170664715620522
P00004,SITE02,2024-12-30,0.0,0.05313006649298452,1.8639282902850351
P00004,SITE02,2025-01-06,0.0,2.6971265378990327e-06,1.6380311073996021
P00004,SITE03,2024-12-30,0.0,0.26275256372212086,1.8137137570568833
P00004,SITE03,2025-01-06,0.0,2.6971265378990327e-06,1.5878165741714503
P00004,SITE04,2024-12-30,0.0,1.0083451329416389,2.6690124336491854
P00004,SITE04,2025-01-06,0.0,1.0098379814195781,2.718266996592061
P00004,SITE05,2024-12-30,0.0,0.26275256372212086,1.8765502276739854
P00004,SITE05,2025-01-06,0.0,2.6971265378990327e-06,1.6506530447885523
P00004,SITE06,2024-12-30,0.0,0.9314562955078766,2.582531938800535
P00004,SITE06,2025-01-06,0.0,0.9576349618468666,2.599276938456611
P00005,SITE01,2024-12-30,0.9999973028734622,4.080312843414338,10.789895300154111
P00005,SITE01,2025-01-06,0.9999973028734622,4.122618741101255,10.906244007264263
P00005,SITE02,2024-12-30,0.0,3.3161338658009063,8.254001053241801
P00005,SITE02,2025-01-06,0.0,3.3577192459786813,8.575785544757782
P00005,SITE03,2024-12-30,0.9999973028734622,7.9592208748398985,12.339454693386754
P00005,SITE03,2025-01-06,0.9999973028734622,8.173604367444526,12.791004887375612
P00005,SITE04,2024-12-30,0.9999973028734622,7.7672343231150665,11.352410990123108
P00005,SITE04,2025-01-06,0.9999973028734622,7.899561397981944,11.443057811828718
P00005,SITE05,2024-12-30,0.0,4.20162511116798,11.676229359302084
P00005,SITE05,2025-01-06,0.0,4.334102470159555,12.02383253444402
P00005,SITE06,2024-12-30,0.9999973028734622,9.576995600509212,25.692213597969705
P00005,SITE06,2025-01-06,0.9999973028734622,9.747627500645029,25.8599158368635
P00006,SITE01,2024-12-30,0.9999973028734622,3.9036511907133082,6.765400825435247
P00006,SITE01,2025-01-06,0.9999973028734622,3.990034500017129,6.8373494117742
P00006,SITE02,2024-12-30,0.0,2.619039151813046,5.524238452993322
P00006,SITE02,2025-01-06,0.0,2.7601813578633974,5.500794018105815
P00006,SITE03,2024-12-30,0.9999973028734622,7.8652691319299795,11.585646205677529
P00006,SITE03,2025-01-06,0.9999973028734622,7.997596206796855,11.77264741471603
P00006,SITE04,2024-12-30,0.9999973028734622,6.161768611850298,13.205181902610791
P00006,SITE04,2025-01-06,0.9999973028734622,6.266362856251585,13.31395654114899
P00006,SITE05,2024-12-30,0.9999973028734622,4.068022789957508,7.166800854596405
P00006,SITE05,2025-01-06,0.9999973028734622,4.164800831309147,7.137816983280032
P00006,SITE06,2024-12-30,0.9999973028734622,5.868933452329769,14.384664768351872
P00006,SITE06,2025-01-06,0.9999973028734622,5.9716603071019625,14.632694501212997
P00007,SITE01,2024-12-30,0.0,1.1801865968763952,3.4567672681052786
P00007,SITE01,2025-01-06,0.0,1.1899903454808671,3.4713402385370786
P00007,SITE02,2024-12-30,0.0,2.080236349659023,5.898486706450191
P00007,SITE02,2025-01-06,0.0,2.130956874851428,5.983841995930295
P00007,SITE03,2024-12-30,0.0,0.9760754163403886,3.5003788733726586
P00007,SITE03,2025-01-06,0.0,1.0239396064274358,3.6266441559614933
P00007,SITE04,2024-12-30,0.0,1.1495952274219854,4.675642581529884
P00007,SITE04,2025-01-06,0.0,1.1953294663488117,4.635438690934904
P00007,SITE05,2024-12-30,0.0,1.1117801870100457,3.2956768822113376
P00007,SITE05,2025-01-06,0.0,1.1138689441505867,3.3102952583784053
P00007,SITE06,2024-12-30,0.9999973028734622,3.1114598942526928,8.40751610703716
P00007,SITE06,2025-01-06,0.0,3.0579353327261285,8.72585038981039
P00008,SITE01,2024-12-30,0.0,2.711173524331941,6.92224535384426
P00008,SITE01,2025-01-06,0.0,2.6836887174374775,7.072848962640175
P00008,SITE02,2024-12-30,0.0,1.461707473002104,4.112131466899233
P00008,SITE02,2025-01-06,0.0,1.4986859883064436,4.064565382645298
P00008,SITE03,2024-12-30,0.0,2.3302333021951154,4.6251186356018765
P00008,SITE03,2025-01-06,0.0,2.358160997194189,4.63496375455254
P00008,SITE04,2024-12-30,0.9999973028734622,5.079622780206688,9.280228645108203
P00008,SITE04,2025-01-06,0.9999973028734622,5.232398832778862,9.021152243063872
P00008,SITE05,2024-12-30,0.0,1.2104962206019325,6.030292363838619
P00008,SITE05,2025-01-06,0.0,1.2463904429133248,6.217351737705984
P00008,SITE06,2024-12-30,0.9999973028734622,3.505359312524221,9.317815640931574
P00008,SITE06,2025-01-06,0.0,3.374109682960092,9.289652447818264
P00009,SITE01,2024-12-30,0.0,0.05853318678695034,2.4124287329719154
P00009,SITE01,2025-01-06,0.0,2.6971265378990327e-06,2.334725742455573
P00009,SITE02,2024-12-30,0.0,0.05853318678695034,2.025940330751473
P00009,SITE02,2025-01-06,0.0,2.6971265378990327e-06,1.926727124577803
P00009,SITE03,2024-12-30,0.0,0.2128098519218779,1.7904512139206405
P00009,SITE03,2025-01-06,0.0,0.21869109917241014,1.7015946304680987
P00009,SITE04,2024-12-30,0.0,1.0562648728846695,3.2711471949450313
P00009,SITE04,2025-01-06,0.0,1.0922911196040492,3.3248965474040135
P00009,SITE05,2024-12-30,0.0,0.2681556840160867,1.9056748975822828
P00009,SITE05,2025-01-06,0.0,2.6971265378990327e-06,1.8288345300119864
P00009,SITE06,2024-12-30,0.0,0.27238637024667,2.577487078161555
P00009,SITE06,2025-01-06,0.0,0.020592627469142973,2.5919541789399663
P00010,SITE01,2024-12-30,0.0,1.6121884280209549,4.628200534836118
P00010,SITE01,2025-01-06,0.0,1.8710982961300204,4.681935940219139
P00010,SITE02,2024-12-30,0.0,0.6763419968082791,4.831820514084956
P00010,SITE02,2025-01-06,0.0,0.7333442102242742,5.073770701720897
P00010,SITE03,2024-12-30,0.0,0.8667229065575492,4.107773468179619
P00010,SITE03,2025-01-06,0.0,0.941372134204111,4.316878758019042
P00010,SITE04,2024-12-30,0.0,3.6772849389407107,9.330772607320952
P00010,SITE04,2025-01-06,0.0,3.8052371358298784,9.380851409109958
P00010,SITE05,2024-12-30,0.0,0.7739877245539362,3.996095090023446
P00010,SITE05,2025-01-06,0.0,0.7874113423205913,4.166491196449826
P00010,SITE06,2024-12-30,0.0,1.4557903272118908,4.387623040991703
P00010,SITE06,2025-01-06,0.0,1.5804960110434148,4.468005035164211
P00011,SITE01,2024-12-30,0.0,2.087602630734918,7.555177805811271
P00011,SITE01,2025-01-06,0.0,2.104198938518066,7.55064649599543
P00011,SITE02,2024-12-30,0.0,1.9112191224416364,5.724199447584644
P00011,SITE02,2025-01-06,0.0,1.9919477069406426,5.851435812696307
P00011,SITE03,2024-12-30,0.0,1.0620594544605768,4.687346384197982
P00011,SITE03,2025-01-06,0.0,1.1618420376427756,4.893761394690832
P00011,SITE04,2024-12-30,0.9999973028734622,4.552738834394846,7.792622112763055
P00011,SITE04,2025-01-06,0.9999973028734622,4.588201506878487,7.976537914107817
P00011,SITE05,2024-12-30,0.0,0.45194290438282914,3.7179350031886615
P00011,SITE05,2025-01-06,0.0,0.4867417029665705,3.786971281844757
P00011,SITE06,2024-12-30,0.9999973028734622,3.7380501993024757,10.932432964684597
P00011,SITE06,2025-01-06,0.9999973028734622,3.8155158741712643,11.017076582984886
P00012,SITE01,2024-12-30,0.0,0.5274700634412999,2.323175790013733
P00012,SITE01,2025-01-06,0.0,0.040365509626537927,2.1620734833659827
P00012,SITE02,2024-12-30,0.0,0.739609056354976,2.296589253866382
P00012,SITE02,2025-01-06,0.0,0.040365509626537927,2.1354869472186317
P00012,SITE03,2024-12-30,0.0,0.7446151786220392,2.238537769312455
P00012,SITE03,2025-01-06,0.0,0.040365509626537927,2.1830148007694636
P00012,SITE04,2024-12-30,0.0,0.10914427634865581,3.6912593438297776
P00012,SITE04,2025-01-06,0.0,0.10914427634865581,3.961258879255455
P00012,SITE05,2024-12-30,0.0,0.5125204597279226,2.0309591742816755
P00012,SITE05,2025-01-06,0.0,0.040365509626537927,1.8701805602363328
P00012,SITE06,2024-12-30,0.0,0.2803385877271383,2.8053115967619857
P00012,SITE06,2025-01-06,0.0,0.0646860044628962,2.8372365480565964
P00013,SITE01,2024-12-30,0.0,0.876273946343857,2.2292768821670443
P00013,SITE01,2025-01-06,0.0,2.6971265378990327e-06,2.091711452508949
P00013,SITE02,2024-12-30,0.0,0.8749760610095656,2.014249899975769
P00013,SITE02,2025-01-06,0.0,2.6971265378990327e-06,1.7534252094350173
P00013,SITE03,2024-12-30,0.0,1.087115053923242,1.8425365810486214
P00013,SITE03,2025-01-06,0.0,2.6971265378990327e-06,1.5499127002874473
P00013,SITE04,2024-12-30,0.0,1.087115053923242,2.0335743498900243
P00013,SITE04,2025-01-06,0.0,2.6971265378990327e-06,1.7012602825344065
P00013,SITE05,2024-12-30,0.0,1.078973195687899,1.8011169299306449
P00013,SITE05,2025-01-06,0.0,2.6971265378990327e-06,1.4805298314678792
P00013,SITE06,2024-12-30,0.0,0.9094189726126891,2.9253963710721345
P00013,SITE06,2025-01-06,0.0,0.9742150269196574,3.0173562300359613
P00014,SITE01,2024-12-30,0.0,1.0947841577458803,3.091175665463435
P00014,SITE01,2025-01-06,0.0,1.1237558362237288,3.1075338332384965
P00014,SITE02,2024-12-30,0.0,0.4916814835451886,3.967893503303139
P00014,SITE02,2025-01-06,0.0,0.48763404534828025,4.117431745436693
P00014,SITE03,2024-12-30,0.0,1.3823888318767243,3.527445527289023
P00014,SITE03,2025-01-06,0.0,1.416869916770022,3.5540202680995665
P00014,SITE04,2024-12-30,0.0,1.9352519676129842,5.726944183277456
P00014,SITE04,2025-01-06,0.0,1.9859724928053895,5.783757045246719
P00014,SITE05,2024-12-30,0.0,1.1515390796650822,3.189813255751243
P00014,SITE05,2025-01-06,0.0,1.1536278368056232,3.1889497786238468
P00014,SITE06,2024-12-30,0.0,1.7376602020168053,5.600274163889499
P00014,SITE06,2025-01-06,0.0,1.7924154851387637,5.699991452142938
P00015,SITE01,2024-12-30,0.0,0.24237071031796953,1.57196882043798
P00015,SITE01,2025-01-06,0.0,2.6971265378990327e-06,1.3233530232709754
P00015,SITE02,2024-12-30,0.0,0.24237071031796953,1.656643749522679
P00015,SITE02,2025-01-06,0.0,2.6971265378990327e-06,1.4047847818789594
P00015,SITE03,2024-12-30,0.0,0.0327482130888332,1.669873859402375
P00015,SITE03,2025-01-06,0.0,2.6971265378990327e-06,1.4062559631427087
P00015,SITE04,2024-12-30,0.0,0.24237071031796953,1.8719534824989363
P00015,SITE04,2025-01-06,0.0,2.6971265378990327e-06,1.6478251391350016
P00015,SITE05,2024-12-30,0.0,0.24237071031796953,1.3802376564597691
P00015,SITE05,2025-01-06,0.0,2.6971265378990327e-06,1.142170315748897
P00015,SITE06,2024-12-30,0.0,0.9465126521554579,2.4724921087650045
P00015,SITE06,2025-01-06,0.0,0.9604608773795362,2.6089856592290026
P00016,SITE01,2024-12-30,0.0,1.2613200101367388,3.560016985757522
P00016,SITE01,2025-01-06,0.0,1.360163071472565,3.771856346361741
P00016,SITE02,2024-12-30,0.0,1.9365809552395645,3.7439106454507898
P00016,SITE02,2025-01-06,0.0,2.209504738642708,3.9716558755261913
P00016,SITE03,2024-12-30,0.0,1.4293182406191804,4.696764696256784
P00016,SITE03,2025-01-06,0.0,1.5820242541995384,5.200204999893948
P00016,SITE04,2024-12-30,0.0,2.2545475994586863,6.477367023222746
P00016,SITE04,2025-01-06,0.0,2.4830324369036676,6.740885975061552
P00016,SITE05,2024-12-30,0.0,1.1303724330348235,3.081119783975121
P00016,SITE05,2025-01-06,0.0,1.1202312502586271,3.092426798720327
P00016,SITE06,2024-12-30,0.0,2.77471507534778,7.357048781612067
P00016,SITE06,2025-01-06,0.0,2.930965411019571,7.6070290269739385
P00017,SITE01,2024-12-30,0.0,0.9323443730004369,2.0475268809928653
P00017,SITE01,2025-01-06,0.0,0.958523039339427,2.1723974746974113
P00017,SITE02,2024-12-30,0.0,1.0336590468731477,2.6618346540549584
P00017,SITE02,2025-01-06,0.0,1.0507988717132353,2.6521453912303796
P00017,SITE03,2024-12-30,0.0,1.0231155131399485,2.447327243314933
P00017,SITE03,2025-01-06,0.0,1.0388656284933715,2.4315778790601588
P00017,SITE04,2024-12-30,0.0,1.389924677078519,4.822414750740897
P00017,SITE04,2025-01-06,0.0,1.4134183438730725,4.846295171529186
P00017,SITE05,2024-12-30,0.0,0.9314562955078766,2.8729069124056155
P00017,SITE05,2025-01-06,0.0,0.9576349618468666,2.836285017596967
P00017,SITE06,2024-12-30,0.0,2.243087723778727,6.818126175761886
P00017,SITE06,2025-01-06,0.0,2.2550981704644446,6.832594998559209
P00018,SITE01,2024-12-30,0.9999973028734622,3.781306583422271,6.964709702501176
P00018,SITE01,2025-01-06,0.9999973028734622,3.8109068035169553,7.055584065437488
P00018,SITE02,2024-12-30,0.0,3.522591354416742,9.734127985504726
P00018,SITE02,2025-01-06,0.0,3.592438357095118,9.81597158614178
P00018,SITE03,2024-12-30,0.0,1.7336562836868914,6.864979023751016
P00018,SITE03,2025-01-06,0.0,1.7799969393033594,6.9841525636175446
P00018,SITE04,2024-12-30,0.9999973028734622,6.103147357844163,15.252102141393701
P00018,SITE04,2025-01-06,0.9999973028734622,6.149488013460632,15.330105024980172
P00018,SITE05,2024-12-30,0.9999973028734622,5.706874579009036,9.558476712983563
P00018,SITE05,2025-01-06,0.9999973028734622,5.786862892917095,9.53446369099425
P00018,SITE06,2024-12-30,0.9999973028734622,5.578559456603643,13.654220591995642
P00018,SITE06,2025-01-06,0.9999973028734622,5.642380010160983,13.761687355997076
P00019,SITE01,2024-12-30,0.0,0.9191436045244188,3.0988941681228557
P00019,SITE01,2025-01-06,0.0,0.9453222708634088,3.2104583145188066
P00019,SITE02,2024-12-30,0.0,0.8683689211053135,3.673774286984318
P00019,SITE02,2025-01-06,0.0,0.8493038374443035,3.8292086018005764
P00019,SITE03,2024-12-30,0.0,0.9242178242186718,3.799717341910524
P00019,SITE03,2025-01-06,0.0,0.9242178242186718,3.8862613135540465
P00019,SITE04,2024-12-30,0.0,2.3937555475581953,7.451823373421789
P00019,SITE04,2025-01-06,0.0,2.5039469692219547,7.513217426835652
P00019,SITE05,2024-12-30,0.0,1.6646874265483511,3.72011375642436
P00019,SITE05,2025-01-06,0.0,1.8784593815396113,3.844781533517309
P00019,SITE06,2024-12-30,0.9999973028734622,4.297049403884125,10.61344136854555
P00019,SITE06,2025-01-06,0.9999973028734622,4.374768915609848,10.744240280388427
P00020,SITE01,2024-12-30,0.0,0.0,3.8080855480507814
P00020,SITE01,2025-01-06,0.0,0.0,4.0364090662561445
P00020,SITE02,2024-12-30,0.0,0.4584584246505412,2.65701462247212
P00020,SITE02,2025-01-06,0.0,0.4683339428376633,2.708678303091245
P00020,SITE03,2024-12-30,0.0,0.0873903888762521,3.1033124015241804
P00020,SITE03,2025-01-06,0.0,0.040768063748918656,3.102854014013136
P00020,SITE04,2024-12-30,0.0,0.09325257893914643,3.936457234739365
P00020,SITE04,2025-01-06,0.0,0.16444304041636137,3.9502427513045824
P00020,SITE05,2024-12-30,0.0,0.08730704236209168,3.065145225096969
P00020,SITE05,2025-01-06,0.0,0.040768063748918656,3.064686837585924
P00020,SITE06,2024-12-30,0.0,0.7107090942917322,6.439553048465814
P00020,SITE06,2025-01-06,0.0,0.6613824689977603,5.716348969241726
P00021,SITE01,2024-12-30,0.0,0.4453952945383773,3.494428567053114
P00021,SITE01,2025-01-06,0.0,0.4453952945383773,3.5475180099608177
P00021,SITE02,2024-12-30,0.0,0.5656088289637703,2.3923470469845536
P00021,SITE02,2025-01-06,0.0,0.040365509626537927,2.23789223778841
P00021,SITE03,2024-12-30,0.0,0.19637458385213272,3.4174213275220273
P00021,SITE03,2025-01-06,0.0,0.20510366674981917,3.3797561109496397
P00021,SITE04,2024-12-30,0.0,0.07419477743087792,4.679297030274577
P00021,SITE04,2025-01-06,0.0,0.10407889589679903,4.706941426026443
P00021,SITE05,2024-12-30,0.0,0.10633836033593261,2.972066510187365
P00021,SITE05,2025-01-06,0.0,0.0646860044628962,2.9725122630966148
P00021,SITE06,2024-12-30,0.0,0.7977035478578869,2.731958324986276
P00021,SITE06,2025-01-06,0.0,0.040365509626537927,2.797981120712135
P00022,SITE01,2024-12-30,0.0,1.0155110811223371,2.1766172416486618
P00022,SITE01,2025-01-06,0.0,1.0216202590801104,2.2006392631248715
P00022,SITE02,2024-12-30,0.0,0.2517964399040651,1.4321705941017726
P00022,SITE02,2025-01-06,0.0,2.6971265378990327e-06,1.3474615610945624
P00022,SITE03,2024-12-30,0.0,0.2681556840160867,1.4759238450368592
P00022,SITE03,2025-01-06,0.0,2.6971265378990327e-06,1.307820262216217
P00022,SITE04,2024-12-30,0.0,0.9204730790815094,2.2874752211800295
P00022,SITE04,2025-01-06,0.0,0.9204730790815094,2.2883334492187912
P00022,SITE05,2024-12-30,0.0,0.05853318678695034,1.470428603312578
P00022,SITE05,2025-01-06,0.0,2.6971265378990327e-06,1.3028122679876795
P00022,SITE06,2024-12-30,0.0,1.0116850722664839,3.1605147574839445
P00022,SITE06,2025-01-06,0.0,1.0076376340695754,3.307303660468127
P00023,SITE01,2024-12-30,0.0,1.1155599887184953,2.0745034262094757
P00023,SITE01,2025-01-06,0.0,1.1442597633877734,2.113316643228721
P00023,SITE02,2024-12-30,0.0,0.2681556840160867,1.684973830628548
P00023,SITE02,2025-01-06,0.0,2.6971265378990327e-06,1.475101705030735
P00023,SITE03,2024-12-30,0.0,0.38346267019455577,1.9317978375034723
P00023,SITE03,2025-01-06,0.0,0.34620231580371236,1.9706110545227171
P00023,SITE04,2024-12-30,0.0,1.085699199777809,3.9454958017438724
P00023,SITE04,2025-01-06,0.0,1.085699199777809,3.9724027913302806
P00023,SITE05,2024-12-30,0.0,0.039657446990389186,1.686234014552582
P00023,SITE05,2025-01-06,0.0,2.6971265378990327e-06,1.6385060668535025
P00023,SITE06,2024-12-30,0.0,1.1206615858640383,3.93520566232974
P00023,SITE06,2025-01-06,0.0,1.1166141476671303,3.917468476723152
P00024,SITE01,2024-12-30,0.0,0.9820753108499556,3.071834644282312
P00024,SITE01,2025-01-06,0.0,0.9860021407531132,3.0333394619399883
P00024,SITE02,2024-12-30,0.0,0.9615322961652774,2.026910662619105
P00024,SITE02,2025-01-06,0.0,0.9684747145098608,2.037025808028651
P00024,SITE03,2024-12-30,0.0,0.8651247202588458,1.9476063897794509
P00024,SITE03,2025-01-06,0.0,0.8913033865978358,1.977115228128885
P00024,SITE04,2024-12-30,0.0,0.9469989383285954,2.0874271724936944
P00024,SITE04,2025-01-06,0.0,0.9428684859333677,2.123644064474474
P00024,SITE05,2024-12-30,0.0,0.25144344869090884,1.7295171166982672
P00024,SITE05,2025-01-06,0.0,2.6971265378990327e-06,1.5865012983055726
P00024,SITE06,2024-12-30,0.0,1.0399564601909654,3.450009942066391
P00024,SITE06,2025-01-06,0.0,1.0360927053795113,3.510464767520546
P00025,SITE01,2024-12-30,0.0,2.604269662854015,5.042354183003012
P00025,SITE01,2025-01-06,0.0,2.863541630396597,5.267899074187292
P00025,SITE02,2024-12-30,0.0,0.6947318167961598,4.531098037337289
P00025,SITE02,2025-01-06,0.0,0.7936806912810934,4.8550479498747965
P00025,SITE03,2024-12-30,0.0,2.3667248550452427,6.282926628812152
P00025,SITE03,2025-01-06,0.0,2.4648264288886357,6.3224851711864725
P00025,SITE04,2024-12-30,0.9999973028734622,5.069500562149542,13.427464583377802
P00025,SITE04,2025-01-06,0.9999973028734622,5.169220856043737,13.923609737490285
P00025,SITE05,2024-12-30,0.0,2.14830348161083,5.860005823982545
P00025,SITE05,2025-01-06,0.0,2.2525852641471986,6.019473873876087
P00025,SITE06,2024-12-30,0.0,3.308443419445475,6.160513261035304
P00025,SITE06,2025-01-06,0.0,3.4736664179149215,6.478121830973161
P00026,SITE01,2024-12-30,0.9999973028734622,3.794327657635285,7.490954557239085
P00026,SITE01,2025-01-06,0.9999973028734622,3.968244942364414,7.572367077468322
P00026,SITE02,2024-12-30,0.9999973028734622,2.3952390403514174,5.187836102203601
P00026,SITE02,2025-01-06,0.9999973028734622,2.4038001016983377,5.286463854485828
P00026,SITE03,2024-12-30,0.0,1.5606639788161705,4.820168494548752
P00026,SITE03,2025-01-06,0.0,1.7144150642811276,4.917324504524161
P00026,SITE04,2024-12-30,0.9999973028734622,3.4190440001552345,9.573781419738705
P00026,SITE04,2025-01-06,0.9999973028734622,3.5326637701273995,9.569613090008113
P00026,SITE05,2024-12-30,0.0,2.846594924325025,7.915831909596068
P00026,SITE05,2025-01-06,0.0,2.9458797176382383,8.056070945252522
P00026,SITE06,2024-12-30,0.0,3.538781599309186,10.530637234831634
P00026,SITE06,2025-01-06,0.9999973028734622,3.884590029255256,10.568757470620096
P00027,SITE01,2024-12-30,0.0,1.130287927507013,3.209929976328104
P00027,SITE01,2025-01-06,0.0,1.1307774755008286,3.3187884462564594
P00027,SITE02,2024-12-30,0.0,1.446005603852212,5.0955993655158744
P00027,SITE02,2025-01-06,0.0,1.446005603852212,5.237030649375555
P00027,SITE03,2024-12-30,0.0,1.231322519372032,3.388949009713674
P00027,SITE03,2025-01-06,0.0,1.233958984647384,3.4842967018403446
P00027,SITE04,2024-12-30,0.9999973028734622,5.155885268180154,12.619189726274973
P00027,SITE04,2025-01-06,0.9999973028734622,5.202225923796623,12.75956701442213
P00027,SITE05,2024-12-30,0.0,1.8558792128130859,5.543146546958333
P00027,SITE05,2025-01-06,0.0,1.8874677560014559,5.750302440100472
P00027,SITE06,2024-12-30,0.9999973028734622,5.074812399687979,8.274372374524402
P00027,SITE06,2025-01-06,0.9999973028734622,5.139700660969525,8.554298799025538
P00028,SITE01,2024-12-30,0.0,1.6497348100553615,3.602718762677293
P00028,SITE01,2025-01-06,0.0,1.8890851177581074,3.866767920090821
P00028,SITE02,2024-12-30,0.0,0.5498648240135174,3.210942039077595
P00028,SITE02,2025-01-06,0.0,0.040365509626537927,3.264206041309553
P00028,SITE03,2024-12-30,0.0,1.0333924063824487,3.7938295475861565
P00028,SITE03,2025-01-06,0.0,1.0858220290750498,4.013901292098426
P00028,SITE04,2024-12-30,0.0,2.6377068725332915,5.187359484168816
P00028,SITE04,2025-01-06,0.0,2.684413363428004,5.36374339683132
P00028,SITE05,2024-12-30,0.0,0.835989980097717,3.100786257110774
P00028,SITE05,2025-01-06,0.0,0.8325126382816473,3.0584466023788153
P00028,SITE06,2024-12-30,0.0,1.9374511319547463,4.3434499271551585
P00028,SITE06,2025-01-06,0.0,2.156124512401392,4.544992465387733
P00029,SITE01,2024-12-30,0.0,0.2517964399040651,2.462672041869285
P00029,SITE01,2025-01-06,0.0,2.6971265378990327e-06,2.532041910750585
P00029,SITE02,2024-12-30,0.0,0.2681556840160867,1.764910501153645
P00029,SITE02,2025-01-06,0.0,2.6971265378990327e-06,1.6792758850684788
P00029,SITE03,2024-12-30,0.0,0.05853318678695034,2.2531413821240185
P00029,SITE03,2025-01-06,0.0,2.6971265378990327e-06,2.0890621405713854
P00029,SITE04,2024-12-30,0.0,0.9323443730004369,2.6486835918556775
P00029,SITE04,2025-01-06,0.0,0.958523039339427,2.7246325179324242
P00029,SITE05,2024-12-30,0.0,0.9675172924296505,2.766697839150113
P00029,SITE05,2025-01-06,0.0,0.964367123340891,2.8237368688945463
P00029,SITE06,2024-12-30,0.0,0.2350842045788873,1.9248721172473737
P00029,SITE06,2025-01-06,0.0,2.6971265378990327e-06,1.914217820725822
P00030,SITE01,2024-12-30,0.0,0.07472458967710377,2.510601906568362
P00030,SITE01,2025-01-06,0.0,0.07472458967710377,2.5795288300192807
P00030,SITE02,2024-12-30,0.0,1.1412077390846995,4.2286195241176845
P00030,SITE02,2025-01-06,0.0,1.1371603008877915,4.3660881389765995
P00030,SITE03,2024-12-30,0.0,2.016968937479308,3.6363996578286213
P00030,SITE03,2025-01-06,0.0,2.06553038914904,3.6785425335476165
P00030,SITE04,2024-12-30,0.0,2.730916074604605,7.412571352706331
P00030,SITE04,2025-01-06,0.0,2.7628341689050098,7.446486309180731
P00030,SITE05,2024-12-30,0.0,0.8743825162721948,3.9569494447910603
P00030,SITE05,2025-01-06,0.0,0.8743825162721948,4.040203289290669
P00030,SITE06,2024-12-30,0.0,2.6658506438175213,6.6542527287836295
P00030,SITE06,2025-01-06,0.0,2.7481441516639475,6.8886589660164
P00031,SITE01,2024-12-30,0.0,1.175631727091687,2.88857545090644
P00031,SITE01,2025-01-06,0.0,1.184478902926755,2.9549093361754175
P00031,SITE02,2024-12-30,0.0,1.1323970673395107,3.8157206340601744
P00031,SITE02,2025-01-06,0.0,1.1466989124401048,3.9514425139800613
P00031,SITE03,2024-12-30,0.0,1.3594183605908459,4.329089704710908
P00031,SITE03,2025-01-06,0.0,1.356031026168644,4.454829163710312
P00031,SITE04,2024-12-30,0.0,2.7717563833082486,4.627711325097847
P00031,SITE04,2025-01-06,0.0,2.8671167042738706,4.629585962428044
P00031,SITE05,2024-12-30,0.0,1.4934328797307033,3.4001183479734203
P00031,SITE05,2025-01-06,0.0,1.4914741986743363,3.4162437952945988
P00031,SITE06,2024-12-30,0.0,1.9132687681401161,3.724340696723859
P00031,SITE06,2025-01-06,0.0,1.980452868555264,3.772560699866033
P00032,SITE01,2024-12-30,0.0,0.7064951823363284,3.458634042958114
P00032,SITE01,2025-01-06,0.0,0.08799050962653807,3.3214425491196193
P00032,SITE02,2024-12-30,0.0,0.86731848924698,3.9531318392538335
P00032,SITE02,2025-01-06,0.0,0.9562251491115906,4.178237179989572
P00032,SITE03,2024-12-30,0.0,0.8510317011539345,3.0306993955434223
P00032,SITE03,2025-01-06,0.0,0.08799050962653807,2.992594663347115
P00032,SITE04,2024-12-30,0.0,1.0773445400280408,4.814424240997567
P00032,SITE04,2025-01-06,0.0,1.1278035952479193,4.914900987373769
P00032,SITE05,2024-12-30,0.0,0.5596305529885539,3.801275545914373
P00032,SITE05,2025-01-06,0.0,0.09373946134784021,3.7557015823538262
P00032,SITE06,2024-12-30,0.0,0.08931892652706144,4.026655396994508
P00032,SITE06,2025-01-06,0.0,0.08912344377686551,4.110907114411258
P00033,SITE01,2024-12-30,0.0,1.5010983922121026,3.7489152788757645
P00033,SITE01,2025-01-06,0.0,1.5352100090523084,3.743408527577994
P00033,SITE02,2024-12-30,0.0,1.4861878678593703,5.105753454970782
P00033,SITE02,2025-01-06,0.0,1.4861878678593703,5.20006253929607
P00033,SITE03,2024-12-30,0.0,1.213918988257486,4.305979226934672
P00033,SITE03,2025-01-06,0.0,1.2282208333580795,4.402748284729347
P00033,SITE04,2024-12-30,0.9999973028734622,4.4344640789940755,8.348253015913267
P00033,SITE04,2025-01-06,0.9999973028734622,4.452204145110075,8.435090485164563
P00033,SITE05,2024-12-30,0.0,0.09347834133704193,3.0239464269684944
P00033,SITE05,2025-01-06,0.0,0.09347834133704193,3.0349708080797058
P00033,SITE06,2024-12-30,0.0,1.0449158831821188,4.33162569185957
P00033,SITE06,2025-01-06,0.0,1.0415285487599164,4.448403421520568
P00034,SITE01,2024-12-30,0.0,0.4044331132853777,3.1453276910347467
P00034,SITE01,2025-01-06,0.0,0.39949704032242783,3.20518645851885
P00034,SITE02,2024-12-30,0.0,0.03823279992326469,3.3048426650876612
P00034,SITE02,2025-01-06,0.0,0.08339429213299927,3.2515788890309545
P00034,SITE03,2024-12-30,0.0,0.7605174214714652,5.182714414274789
P00034,SITE03,2025-01-06,0.0,0.8581736463319976,5.092696317145228
P00034,SITE04,2024-12-30,0.0,0.5835921944013516,3.8049010263969163
P00034,SITE04,2025-01-06,0.0,0.6471639650301508,3.8996889559171284
P00034,SITE05,2024-12-30,0.0,0.4764163477041307,3.974253383654345
P00034,SITE05,2025-01-06,0.0,0.4821441980341831,3.9896389483747905
P00034,SITE06,2024-12-30,0.0,0.7241366836622574,6.454525397820347
P00034,SITE06,2025-01-06,0.0,0.7869787632254135,6.66775292119206
P00035,SITE01,2024-12-30,0.0,0.05853318678695034,1.6564948877757983
P00035,SITE01,2025-01-06,0.0,2.6971265378990327e-06,1.3702578166895414
P00035,SITE02,2024-12-30,0.0,0.05853318678695034,1.6299214195727079
P00035,SITE02,2025-01-06,0.0,2.6971265378990327e-06,1.4375121745702821
P00035,SITE03,2024-12-30,0.0,0.2681556840160867,1.4682986982837878
P00035,SITE03,2025-01-06,0.0,2.6971265378990327e-06,1.2945033502230454
P00035,SITE04,2024-12-30,0.0,1.0165472513478717,2.3747100639338257
P00035,SITE04,2025-01-06,0.0,1.0315238120708552,2.3892419691219238
P00035,SITE05,2024-12-30,0.0,0.25144344869090884,1.6675868444608255
P00035,SITE05,2025-01-06,0.0,2.6971265378990327e-06,1.3921633147931876
P00035,SITE06,2024-12-30,0.0,1.06067827751195,2.638871200574586
P00035,SITE06,2025-01-06,0.0,1.1177265870302429,2.6427635844501576
P00036,SITE01,2024-12-30,0.0,2.8245065802114357,5.962207710879027
P00036,SITE01,2025-01-06,0.0,3.004067716195361,6.219481865654311
P00036,SITE02,2024-12-30,0.0,2.4080160076578947,4.375750494537712
P00036,SITE02,2025-01-06,0.0,2.634752281582534,4.503983292109402
P00036,SITE03,2024-12-30,0.0,1.0968518321486806,3.8644420421499146
P00036,SITE03,2025-01-06,0.0,1.150290160317378,4.156519856326155
P00036,SITE04,2024-12-30,0.0,3.825032069970961,9.662284883892381
P00036,SITE04,2025-01-06,0.0,3.967659339310249,10.049039475930725
P00036,SITE05,2024-12-30,0.0,2.287433154736388,6.203191217274091
P00036,SITE05,2025-01-06,0.0,2.4246840490214305,6.300220713856855
P00036,SITE06,2024-12-30,0.0,2.270487142545123,6.8386400942961965
P00036,SITE06,2025-01-06,0.0,2.3968803445463025,7.092005155599432
P00037,SITE01,2024-12-30,0.0,0.9306049417321475,2.199212576036866
P00037,SITE01,2025-01-06,0.0,0.9567836080711375,2.228791870165854
P00037,SITE02,2024-12-30,0.0,0.05313006649298452,1.937312511793501
P00037,SITE02,2025-01-06,0.0,2.6971265378990327e-06,1.809820156454263
P00037,SITE03,2024-12-30,0.0,0.05313006649298452,1.66895933737964
P00037,SITE03,2025-01-06,0.0,2.6971265378990327e-06,1.4660159900081244
P00037,SITE04,2024-12-30,0.0,0.9129901356115292,2.244340739093058
P00037,SITE04,2025-01-06,0.0,0.9565907675157298,2.3213554845792466
P00037,SITE05,2024-12-30,0.0,0.26275256372212086,1.9479118144093552
P00037,SITE05,2025-01-06,0.0,2.6971265378990327e-06,1.8139936487366146
P00037,SITE06,2024-12-30,0.0,1.0237088044888996,2.247679951974565
P00037,SITE06,2025-01-06,0.0,1.0514427882987167,2.3202303861195914
P00038,SITE01,2024-12-30,0.0,2.157397285069826,6.822637209411298
P00038,SITE01,2025-01-06,0.0,2.3081553650269244,6.919528968686494
P00038,SITE02,2024-12-30,0.0,1.5239549736237232,5.52412277812177
P00038,SITE02,2025-01-06,0.0,1.6858638930618297,5.748605588047206
P00038,SITE03,2024-12-30,0.0,1.0355028776298547,4.384969200387593
P00038,SITE03,2025-01-06,0.0,1.0880516041644999,4.606363929917229
P00038,SITE04,2024-12-30,0.0,2.286258647601542,7.911119897465095
P00038,SITE04,2025-01-06,0.0,2.419415136645703,8.175472595672927
P00038,SITE05,2024-12-30,0.0,1.3726870637500317,5.263778114318656
P00038,SITE05,2025-01-06,0.0,1.503877602854218,5.50634686530139
P00038,SITE06,2024-12-30,0.9999973028734622,3.8603321189857875,6.830699200614619
P00038,SITE06,2025-01-06,0.9999973028734622,3.953095928205538,7.17354264122606
P00039,SITE01,2024-12-30,0.0,1.376434785027376,3.7920457766921927
P00039,SITE01,2025-01-06,0.0,1.5323377702711503,3.9883984343224275
P00039,SITE02,2024-12-30,0.0,1.2232054175526534,4.094839641599252
P00039,SITE02,2025-01-06,0.0,1.2818150534060573,4.298425572854116
P00039,SITE03,2024-12-30,0.0,2.368225279409606,4.539536627069171
P00039,SITE03,2025-01-06,0.0,2.666255932990621,4.791229690852328
P00039,SITE04,2024-12-30,0.0,3.226601845050113,6.379744512347778
P00039,SITE04,2025-01-06,0.0,3.4252853438461393,6.448719331196401
P00039,SITE05,2024-12-30,0.0,0.9228553331422567,3.667320735665569
P00039,SITE05,2025-01-06,0.0,0.9714697592899382,3.8799800284188586
P00039,SITE06,2024-12-30,0.0,3.329041304452622,8.631520132777135
P00039,SITE06,2025-01-06,0.0,3.455447186721156,8.708136585244414
P00040,SITE01,2024-12-30,0.0,0.1388113225099871,3.243227385666337
P00040,SITE01,2025-01-06,0.0,0.1388113225099871,3.342735441770134
P00040,SITE02,2024-12-30,0.0,0.4937699764558899,4.931396529279964
P00040,SITE02,2025-01-06,0.0,0.4864710574056295,5.037966629072596
P00040,SITE03,2024-12-30,0.0,1.7279413538194464,3.5207684043302274
P00040,SITE03,2025-01-06,0.0,1.7909561468236614,3.570097469728919
P00040,SITE04,2024-12-30,0.0,3.8509021469733082,9.349195426860215
P00040,SITE04,2025-01-06,0.0,3.8750076292102116,10.352459484648744
P00040,SITE05,2024-12-30,0.0,1.980957047227495,7.318848964240882
P00040,SITE05,2025-01-06,0.0,2.026577185334824,7.516279246531283
P00040,SITE06,2024-12-30,0.0,3.4390480996107056,9.567796290230344
P00040,SITE06,2025-01-06,0.0,3.4806334797884806,10.349793693549808
P00041,SITE01,2024-12-30,0.0,1.311892018432739,4.984344466526971
P00041,SITE01,2025-01-06,0.0,1.455404162180699,5.2659348264364985
P00041,SITE02,2024-12-30,0.0,0.6440562652921163,3.8491209476284762
P00041,SITE02,2025-01-06,0.0,0.6635322670228235,4.036328940359594
P00041,SITE03,2024-12-30,0.0,1.1353830880020706,3.922455257078767
P00041,SITE03,2025-01-06,0.0,1.240613650035701,4.14364497112568
P00041,SITE04,2024-12-30,0.0,2.492285058400778,7.932508043171137
P00041,SITE04,2025-01-06,0.0,2.6147468118078345,7.9970929899383085
P00041,SITE05,2024-12-30,0.0,1.7968868153494963,6.086595594852794
P00041,SITE05,2025-01-06,0.0,1.9448654975713862,6.283079122465668
P00041,SITE06,2024-12-30,0.9999973028734622,4.354356846463864,7.97118133096653
P00041,SITE06,2025-01-06,0.9999973028734622,4.415508660905381,8.26029633980884
P00042,SITE01,2024-12-30,0.0,1.962771927738909,3.807448316949751
P00042,SITE01,2025-01-06,0.0,2.0357982991214514,3.8399612342991998
P00042,SITE02,2024-12-30,0.0,1.0661617921545836,4.054971349114228
P00042,SITE02,2025-01-06,0.0,1.0661500631591216,4.164927049656531
P00042,SITE03,2024-12-30,0.0,0.9239162087345163,3.393367846536629
P00042,SITE03,2025-01-06,0.0,0.9500948750735063,3.913361996558352
P00042,SITE04,2024-12-30,0.0,2.99926809040966,8.408410476338032
P00042,SITE04,2025-01-06,0.0,3.0543474201255894,8.821217888902147
P00042,SITE05,2024-12-30,0.0,1.4499193335605733,3.5938661061859487
P00042,SITE05,2025-01-06,0.0,1.4635436299168312,3.6249491697009693
P00042,SITE06,2024-12-30,0.9999973028734622,3.617216617026128,9.465387024566173
P00042,SITE06,2025-01-06,0.9999973028734622,3.6608450476641696,9.568531485918104
P00043,SITE01,2024-12-30,0.0,0.4829843739817308,3.602974268986341
P00043,SITE01,2025-01-06,0.0,0.5706302242210696,3.7572164076193277
P00043,SITE02,2024-12-30,0.0,0.8062047122324223,2.879620087448389
P00043,SITE02,2025-01-06,0.0,0.3230143442557782,2.8679867850637306
P00043,SITE03,2024-12-30,0.0,0.6445377068055426,3.4308073557022674
P00043,SITE03,2025-01-06,0.0,0.6885799416349828,3.5434377090136016
P00043,SITE04,2024-12-30,0.0,0.7064951823363284,3.760047771581436
P00043,SITE04,2025-01-06,0.0,0.08799050962653807,3.998503181862035
P00043,SITE05,2024-12-30,0.0,1.0631706940676116,3.9294034475522195
P00043,SITE05,2025-01-06,0.0,0.08799050962653807,3.9996998686513483
P00043,SITE06,2024-12-30,0.0,0.4127325247424359,3.392362541246023
P00043,SITE06,2025-01-06,0.0,0.46647930645034835,3.557235080465396
P00044,SITE01,2024-12-30,0.0,0.8366842829580464,3.4809079300948174
P00044,SITE01,2025-01-06,0.0,0.08799050962653807,3.575145598432646
P00044,SITE02,2024-12-30,0.0,0.6143871836634714,3.876579558730367
P00044,SITE02,2025-01-06,0.0,0.6739251631119384,3.960546714025268
P00044,SITE03,2024-12-30,0.0,1.106117694128972,2.9116880276417714
P00044,SITE03,2025-01-06,0.0,1.1606360739621147,2.9233247764904235
P00044,SITE04,2024-12-30,0.0,1.329220308219536,3.4387167898076085
P00044,SITE04,2025-01-06,0.0,1.5139174373182822,3.5024944079908717
P00044,SITE05,2024-12-30,0.0,1.3319666144074458,3.1869264414050615
P00044,SITE05,2025-01-06,0.0,1.4801482791051868,3.3051309062275043
P00044,SITE06,2024-12-30,0.0,2.0809305588977822,5.86788199133789
P00044,SITE06,2025-01-06,0.0,2.230895683159187,5.906022570251938
P00045,SITE01,2024-12-30,0.0,1.1381270881090049,3.0866423438626804
P00045,SITE01,2025-01-06,0.0,1.2121167088675122,3.166669373211242
P00045,SITE02,2024-12-30,0.0,1.0652694456168152,3.7642363556671596
P00045,SITE02,2025-01-06,0.0,1.1252553404894372,3.8691619888723245
P00045,SITE03,2024-12-30,0.0,1.2426073362490724,4.573290198723247
P00045,SITE03,2025-01-06,0.0,1.3685151313006056,4.775221267538927
P00045,SITE04,2024-12-30,0.0,1.8003873409326936,5.565794215959959
P00045,SITE04,2025-01-06,0.0,1.9436716865780113,5.659398089137717
P00045,SITE05,2024-12-30,0.0,1.4109593402084317,3.2063722174173366
P00045,SITE05,2025-01-06,0.0,1.6040084840790012,3.4735923065836216
P00045,SITE06,2024-12-30,0.0,2.1305440672818947,5.895408573377773
P00045,SITE06,2025-01-06,0.0,2.2513453804178667,5.834916538589265
P00046,SITE01,2024-12-30,0.0,3.2080166425671197,8.051653322125215
P00046,SITE01,2025-01-06,0.0,3.2903228306809003,8.155666028264449
P00046,SITE02,2024-12-30,0.0,1.8881012243833477,7.450424600395816
P00046,SITE02,2025-01-06,0.0,1.920019318683753,7.573993522734898
P00046,SITE03,2024-12-30,0.0,3.2046724446534003,7.93908736489601
P00046,SITE03,2025-01-06,0.0,3.2654512966294007,8.18194033671753
P00046,SITE04,2024-12-30,0.0,3.3932134615022176,10.309408119450323
P00046,SITE04,2025-01-06,0.0,3.4347988416799926,10.197653776786154
P00046,SITE05,2024-12-30,0.0,2.997086866202474,5.496144048652876
P00046,SITE05,2025-01-06,0.0,3.0932547267171753,5.542429936810358
P00046,SITE06,2024-12-30,0.0,3.208101189769716,9.579788311449137
P00046,SITE06,2025-01-06,0.0,3.257768766073953,10.267426762510771
P00047,SITE01,2024-12-30,0.0,0.0,5.8933656770894505
P00047,SITE01,2025-01-06,0.0,0.0,6.0420992206349595
P00047,SITE02,2024-12-30,0.0,0.1559127790354849,3.4518168851140016
P00047,SITE02,2025-01-06,0.0,0.12182820023857834,3.4521360520771363
P00047,SITE03,2024-12-30,0.0,0.0,4.05764518187975
P00047,SITE03,2025-01-06,0.0,0.0,3.8752856592559373
P00047,SITE04,2024-12-30,0.0,0.039153988024465944,3.962763681137796
P00047,SITE04,2025-01-06,0.0,0.08783105619556056,3.8239940682352183
P00047,SITE05,2024-12-30,0.0,0.3932797084970099,3.5901218528208036
P00047,SITE05,2025-01-06,0.0,0.39319861328004735,3.46114687751284
P00047,SITE06,2024-12-30,0.0,1.4895856538941008,7.9360603539318
P00047,SITE06,2025-01-06,0.0,1.5760616979253406,7.406353450727399
P00048,SITE01,2024-12-30,0.0,3.0526607596368684,9.454224093663274
P00048,SITE01,2025-01-06,0.9999973028734622,3.227220013167443,9.38612988441895
P00048,SITE02,2024-12-30,0.9999973028734622,4.287471065112958,7.657807777008428
P00048,SITE02,2025-01-06,0.9999973028734622,4.351551786845424,7.7865745086059945
P00048,SITE03,2024-12-30,0.0,1.3873044294918988,3.738728104130424
P00048,SITE03,2025-01-06,0.0,1.3893931866324398,3.7331040927654713
P00048,SITE04,2024-12-30,0.9999973028734622,4.452485759422115,8.04828366548773
P00048,SITE04,2025-01-06,0.9999973028734622,4.516566481154583,8.042090591893334
P00048,SITE05,2024-12-30,0.0,1.9191914909574674,3.9746932354793385
P00048,SITE05,2025-01-06,0.0,1.96797440997604,3.947007198139113
P00048,SITE06,2024-12-30,0.0,1.7709381702845415,6.73059106932032
P00048,SITE06,2025-01-06,0.0,1.810656160833221,6.850833727252183
P00049,SITE01,2024-12-30,0.0,0.6276682171137915,3.4703461391218924
P00049,SITE01,2025-01-06,0.0,0.6982579761713243,3.4958000715609416
P00049,SITE02,2024-12-30,0.0,0.04217394267492859,1.8403265981372667
P00049,SITE02,2025-01-06,0.0,2.6971265378990327e-06,1.8594347436105556
P00049,SITE03,2024-12-30,0.0,0.977492950211027,2.5159527563144097
P00049,SITE03,2025-01-06,0.0,0.9783179912689273,2.4654821204648245
P00049,SITE04,2024-12-30,0.0,0.8588344047030628,2.2801436960717587
P00049,SITE04,2025-01-06,0.0,0.8850130710420528,2.2857658796915716
P00049,SITE05,2024-12-30,0.0,0.26769660199705675,1.8992859342562223
P00049,SITE05,2025-01-06,0.0,0.26709018530741463,1.9267120440397432
P00049,SITE06,2024-12-30,0.0,0.9880239012298513,3.0091202116121822
P00049,SITE06,2025-01-06,0.0,0.9880239012298513,2.999303257084469
P00050,SITE01,2024-12-30,0.0,0.672567566529241,3.153925674746452
P00050,SITE01,2025-01-06,0.0,0.040365509626537927,3.079644651375408
P00050,SITE02,2024-12-30,0.0,0.08955865027484368,4.024454986359679
P00050,SITE02,2025-01-06,0.0,0.044119417524647764,4.2027640532586625
P00050,SITE03,2024-12-30,0.0,1.368458126006867,3.820416425955317
P00050,SITE03,2025-01-06,0.0,1.4528696154032754,3.9993071032544987
P00050,SITE04,2024-12-30,0.0,0.14579595035095785,5.624912945917886
P00050,SITE04,2025-01-06,0.0,0.15035671760076197,5.8534446529801185
P00050,SITE05,2024-12-30,0.0,0.19267056277956515,3.6557499061566747
P00050,SITE05,2025-01-06,0.0,0.2957396853476265,3.9603198826064414
P00050,SITE06,2024-12-30,0.0,0.5818735926608575,6.799374253430665
P00050,SITE06,2025-01-06,0.0,0.7473324148597221,6.738857566721323
P00051,SITE01,2024-12-30,0.0,0.8593964122564209,2.1776195605850712
P00051,SITE01,2025-01-06,0.0,0.885575078595411,2.2107550656664903
P00051,SITE02,2024-12-30,0.0,1.0439801790596106,2.2980116842453335
P00051,SITE02,2025-01-06,0.0,1.0949298096546802,2.363184589654579
P00051,SITE03,2024-12-30,0.0,0.9297168642395869,2.0224982389437365
P00051,SITE03,2025-01-06,0.0,0.9558955305785769,2.1084317208964
P00051,SITE04,2024-12-30,0.0,0.9179957275756789,2.516473602062886
P00051,SITE04,2025-01-06,0.0,0.9623768116435527,2.5354222522556067
P00051,SITE05,2024-12-30,0.0,0.8651247202588458,2.0060638199289196
P00051,SITE05,2025-01-06,0.0,0.8913033865978358,2.0850425645786177
P00051,SITE06,2024-12-30,0.0,1.0696270147195048,3.213461165914557
P00051,SITE06,2025-01-06,0.0,1.0918768706452973,3.2718900941209417
P00052,SITE01,2024-12-30,0.0,1.8763672536424771,3.7839580291182204
P00052,SITE01,2025-01-06,0.0,2.1852692098300275,4.015082711435204
P00052,SITE02,2024-12-30,0.0,1.3777592118272182,4.141866584596177
P00052,SITE02,2025-01-06,0.0,1.499498154348378,4.704901016733933
P00052,SITE03,2024-12-30,0.0,1.3855108420410192,4.016088467147408
P00052,SITE03,2025-01-06,0.0,1.5443471796086925,4.1689885786100405
P00052,SITE04,2024-12-30,0.9999973028734622,3.571911980040714,8.59553111873025
P00052,SITE04,2025-01-06,0.9999973028734622,3.6799369177461654,8.679850971596162
P00052,SITE05,2024-12-30,0.0,1.0671190120038214,3.6501342971348745
P00052,SITE05,2025-01-06,0.0,1.1227026876615978,3.7770493435721124
P00052,SITE06,2024-12-30,0.0,2.62290105411972,5.455745558175279
P00052,SITE06,2025-01-06,0.0,2.779421320456695,5.54502723223172
P00053,SITE01,2024-12-30,0.0,0.5498648240135174,2.3125261540425885
P00053,SITE01,2025-01-06,0.0,0.040365509626537927,2.185921421273531
P00053,SITE02,2024-12-30,0.0,0.11616683369865184,2.7467732155962286
P00053,SITE02,2025-01-06,0.0,0.11277949927644926,2.782307188404716
P00053,SITE03,2024-12-30,0.0,0.08628099756401751,2.4158770036146215
P00053,SITE03,2025-01-06,0.0,0.039742018950844525,2.4366271452294326
P00053,SITE04,2024-12-30,0.0,0.4039394269148827,3.3734110205563406
P00053,SITE04,2025-01-06,0.0,0.4045995306895884,3.4894755959496386
P00053,SITE05,2024-12-30,0.0,0.8316181902070694,1.8538132526742113
P00053,SITE05,2025-01-06,0.0,0.040365509626537927,1.751836025773063
P00053,SITE06,2024-12-30,0.0,0.05815428365018631,3.1533812945018713
P00053,SITE06,2025-01-06,0.0,0.05815428365018631,3.3478448426237644
P00054,SITE01,2024-12-30,0.0,1.3610325451364833,4.931756092897631
P00054,SITE01,2025-01-06,0.0,1.4049277554649744,5.012289721908976
P00054,SITE02,2024-12-30,0.0,1.258045877642233,4.296989633556623
P00054,SITE02,2025-01-06,0.0,1.280295733568025,4.383844528501105
P00054,SITE03,2024-12-30,0.0,0.9606465708441031,3.0236200442882186
P00054,SITE03,2025-01-06,0.0,0.9868252371830931,3.1241581900522783
P00054,SITE04,2024-12-30,0.9999973028734622,3.248207423099746,8.899263799748923
P00054,SITE04,2025-01-06,0.9999973028734622,3.3738590711383463,9.037262593618678
P00054,SITE05,2024-12-30,0.0,1.1887741334208664,3.0817429674153303
P00054,SITE05,2025-01-06,0.0,1.2284358924855563,3.1675771082573116
P00054,SITE06,2024-12-30,0.9999973028734622,3.627183667859232,6.910882323286846
P00054,SITE06,2025-01-06,0.9999973028734622,3.6888306732991847,7.023960996313376
P00055,SITE01,2024-12-30,0.0,0.04217394267492859,2.012506003221737
P00055,SITE01,2025-01-06,0.0,2.6971265378990327e-06,1.9720593086450282
P00055,SITE02,2024-12-30,0.0,0.05853318678695034,2.1247856256287787
P00055,SITE02,2025-01-06,0.0,2.6971265378990327e-06,1.9954887523052578
P00055,SITE03,2024-12-30,0.0,0.05853318678695034,1.8482323377554604
P00055,SITE03,2025-01-06,0.0,2.6971265378990327e-06,1.7289100183707975
P00055,SITE04,2024-12-30,0.0,0.9314562955078766,2.9327405602014505
P00055,SITE04,2025-01-06,0.0,0.9576349618468666,2.9586070763606673
P00055,SITE05,2024-12-30,0.0,0.27067217970062607,2.200089525460674
P00055,SITE05,2025-01-06,0.0,2.6971265378990327e-06,2.0634016921637515
P00055,SITE06,2024-12-30,0.0,0.8668641515271355,2.2621293043183726
P00055,SITE06,2025-01-06,0.0,0.8930428178661255,2.3403401392379517
P00056,SITE01,2024-12-30,0.0,3.09578049923903,8.036934819705758
P00056,SITE01,2025-01-06,0.0,3.137365879416806,8.419358000522774
P00056,SITE02,2024-12-30,0.0,2.716094216816008,7.4484122422163095
P00056,SITE02,2025-01-06,0.0,2.7617143549233365,7.490897455347188
P00056,SITE03,2024-12-30,0.0,2.529745346781107,7.38446142505557
P00056,SITE03,2025-01-06,0.0,2.5654285794002334,7.590146625933734
P00056,SITE04,2024-12-30,0.9999973028734622,7.006610322688168,15.717341009141188
P00056,SITE04,2025-01-06,0.9999973028734622,7.191393595198118,17.04440100627904
P00056,SITE05,2024-12-30,0.9999973028734622,5.654564065736347,14.33601119942246
P00056,SITE05,2025-01-06,0.9999973028734622,5.767240506264098,14.608845340793591
P00056,SITE06,2024-12-30,0.9999973028734622,4.728234219369748,12.655096766905288
P00056,SITE06,2025-01-06,0.9999973028734622,4.830961074141941,13.296993839980823
P00057,SITE01,2024-12-30,0.0,2.0235038929570406,5.048384859893643
P00057,SITE01,2025-01-06,0.0,2.1374667204846434,5.032475631562479
P00057,SITE02,2024-12-30,0.0,1.7038501946411202,5.294252709003471
P00057,SITE02,2025-01-06,0.0,1.7475019604145237,5.354185759364885
P00057,SITE03,2024-12-30,0.9999973028734622,3.569216166315492,7.482177310657497
P00057,SITE03,2025-01-06,0.9999973028734622,3.6653840268301923,7.56348894056405
P00057,SITE04,2024-12-30,0.9999973028734622,4.057729686917393,10.458734983406755
P00057,SITE04,2025-01-06,0.9999973028734622,4.100035584604309,11.030511968263507
P00057,SITE05,2024-12-30,0.0,2.858474892145892,5.248385819780649
P00057,SITE05,2025-01-06,0.0,2.954642752660593,5.2584461526570685
P00057,SITE06,2024-12-30,0.9999973028734622,5.337060475236526,12.63447122938917
P00057,SITE06,2025-01-06,0.9999973028734622,5.365921232912123,13.566232231287744
P00058,SITE01,2024-12-30,0.0,0.9557341289112509,3.533184327851162
P00058,SITE01,2025-01-06,0.0,0.9820296820580394,3.7091431283911067
P00058,SITE02,2024-12-30,0.0,1.0807988910168973,2.7183555924329013
P00058,SITE02,2025-01-06,0.0,1.1105994791201637,2.8275103838158113
P00058,SITE03,2024-12-30,0.0,0.8358515182565835,3.047007500932077
P00058,SITE03,2025-01-06,0.0,0.8318040800596753,3.0175367437533933
P00058,SITE04,2024-12-30,0.9999973028734622,3.7174611737002556,9.637092363766826
P00058,SITE04,2025-01-06,0.9999973028734622,3.759067085514262,9.798342436428813
P00058,SITE05,2024-12-30,0.0,0.832333080364471,2.5020601591554716
P00058,SITE05,2025-01-06,0.0,0.8432622028905458,2.4951410588444003
P00058,SITE06,2024-12-30,0.0,1.439936629685289,3.9143789333783494
P00058,SITE06,2025-01-06,0.0,1.4692138152972325,3.9580585779004407
P00059,SITE01,2024-12-30,0.0,2.9136040376181884,8.647261426457712
P00059,SITE01,2025-01-06,0.0,2.9689772622484756,8.893052681990442
P00059,SITE02,2024-12-30,0.9999973028734622,3.2894738870806854,6.243154779541241
P00059,SITE02,2025-01-06,0.9999973028734622,3.3568888071410825,6.166602161105519
P00059,SITE03,2024-12-30,0.9999973028734622,4.432724122257772,12.108423678387952
P00059,SITE03,2025-01-06,0.9999973028734622,4.4826486921351005,12.111270990189915
P00059,SITE04,2024-12-30,0.9999973028734622,5.047032163070652,13.58031099220573
P00059,SITE04,2025-01-06,0.9999973028734622,5.219223058094453,13.940204006054064
P00059,SITE05,2024-12-30,0.0,1.6013739393511233,5.348394013210771
P00059,SITE05,2025-01-06,0.0,1.6314991422173573,5.391286915511081
P00059,SITE06,2024-12-30,0.0,3.1867802429048475,8.929330986751442
P00059,SITE06,2025-01-06,0.0,3.281818904889684,9.137152780077116
P00060,SITE01,2024-12-30,0.0,2.041470231453155,5.564911952831093
P00060,SITE01,2025-01-06,0.0,2.1166130932771927,5.5309077757389735
P00060,SITE02,2024-12-30,0.9999973028734622,5.119150618065372,8.659548679546411
P00060,SITE02,2025-01-06,0.9999973028734622,5.1991389319734305,8.55600152559695
P00060,SITE03,2024-12-30,0.9999973028734622,6.93414955054692,17.08784045343808
P00060,SITE03,2025-01-06,0.9999973028734622,6.99797010410426,17.52806365859092
P00060,SITE04,2024-12-30,0.9999973028734622,6.69716864672966,15.736457410213527
P00060,SITE04,2025-01-06,0.9999973028734622,6.743509302346128,15.917838429804727
P00060,SITE05,2024-12-30,0.9999973028734622,5.18811844960899,8.510403166045677
P00060,SITE05,2025-01-06,0.9999973028734622,5.264059325320143,8.713309894425715
P00060,SITE06,2024-12-30,0.9999973028734622,6.44207148232826,16.216696560763708
P00060,SITE06,2025-01-06,0.9999973028734622,6.5447983371004534,16.43258545142738
P00061,SITE01,2024-12-30,0.0,0.24757590515151282,2.9863325956341207
P00061,SITE01,2025-01-06,0.0,0.2511286214623103,3.1407686579229868
P00061,SITE02,2024-12-30,0.0,0.11373406763303862,3.057400738976805
P00061,SITE02,2025-01-06,0.0,0.11380834803828922,3.2049884422396966
P00061,SITE03,2024-12-30,0.0,0.1913668404574694,3.1257343353140774
P00061,SITE03,2025-01-06,0.0,0.1592063225965063,3.2441163220297504
P00061,SITE04,2024-12-30,0.0,0.02526482126541519,4.041705096651349
P00061,SITE04,2025-01-06,0.0,0.03392236379711122,4.1765320807462905
P00061,SITE05,2024-12-30,0.0,0.11373406763303862,3.2090072383950474
P00061,SITE05,2025-01-06,0.0,0.11380834803828922,3.3148407851507806
P00061,SITE06,2024-12-30,0.0,0.7128342834473375,3.3965370613015615
P00061,SITE06,2025-01-06,0.0,0.71664309325525,3.4917453002039633
P00062,SITE01,2024-12-30,0.0,0.26275256372212086,1.4355957226703107
P00062,SITE01,2025-01-06,0.0,2.6971265378990327e-06,1.3785607992108173
P00062,SITE02,2024-12-30,0.0,0.26275256372212086,1.598642752389628
P00062,SITE02,2025-01-06,0.0,2.6971265378990327e-06,1.537485182807504
P00062,SITE03,2024-12-30,0.0,0.08640943641722061,1.7989997637406336
P00062,SITE03,2025-01-06,0.0,2.6971265378990327e-06,1.717899394957967
P00062,SITE04,2024-12-30,0.0,0.26275256372212086,1.8898694811700956
P00062,SITE04,2025-01-06,0.0,2.6971265378990327e-06,1.811142006100532
P00062,SITE05,2024-12-30,0.0,0.26275256372212086,1.6342038876752043
P00062,SITE05,2025-01-06,0.0,2.6971265378990327e-06,1.5666205077595776
P00062,SITE06,2024-12-30,0.0,0.26275256372212086,1.7951641271103829
P00062,SITE06,2025-01-06,0.0,2.6971265378990327e-06,1.7034702679145324
P00063,SITE01,2024-12-30,0.0,1.3841114248845,6.628508405701065
P00063,SITE01,2025-01-06,0.0,1.4486139293265325,6.645565184394828
P00063,SITE02,2024-12-30,0.9999973028734622,3.543771593192711,6.449123293944614
P00063,SITE02,2025-01-06,0.9999973028734622,3.6013423766633417,6.195227148921617
P00063,SITE03,2024-12-30,0.0,1.2125312907902752,4.9373417805157604
P00063,SITE03,2025-01-06,0.0,1.319712759576852,5.069982120495053
P00063,SITE04,2024-12-30,0.0,3.08512006484937,8.532974692679883
P00063,SITE04,2025-01-06,0.0,3.170030830452025,8.469712198616513
P00063,SITE05,2024-12-30,0.0,2.6170992652855123,6.923416908600236
P00063,SITE05,2025-01-06,0.0,2.674901622200201,6.805637793101674
P00063,SITE06,2024-12-30,0.0,2.6210987442065092,7.3103708899056485
P00063,SITE06,2025-01-06,0.0,2.6998293011161887,7.011597669869836
P00064,SITE01,2024-12-30,0.0,1.2232242887565357,3.0881474220958305
P00064,SITE01,2025-01-06,0.0,1.3177997137976312,3.2726421324034223
P00064,SITE02,2024-12-30,0.0,1.3391057394972723,3.2962776271075334
P00064,SITE02,2025-01-06,0.0,1.4901599754630404,3.487939379721687
P00064,SITE03,2024-12-30,0.0,1.2896252151143657,3.3109849241490332
P00064,SITE03,2025-01-06,0.0,1.43077998983283,3.5184171119445806
P00064,SITE04,2024-12-30,0.0,1.924450430752314,5.60788462970841
P00064,SITE04,2025-01-06,0.0,2.0807461051442204,5.6894396683298725
P00064,SITE05,2024-12-30,0.0,1.2236894334231936,3.220715570027828
P00064,SITE05,2025-01-06,0.0,1.3379074198043588,3.4916082542226596
P00064,SITE06,2024-12-30,0.0,1.2336074857715202,4.449716073061459
P00064,SITE06,2025-01-06,0.0,1.3428118692345719,4.944334210701167
P00065,SITE01,2024-12-30,0.0,0.6581840434662602,3.5755520720066807
P00065,SITE01,2025-01-06,0.0,0.6688907719376522,3.580661957610402
P00065,SITE02,2024-12-30,0.0,0.5226262890396607,4.323966500739236
P00065,SITE02,2025-01-06,0.0,0.619469837163656,4.351396971782298
P00065,SITE03,2024-12-30,0.0,0.7257498919619984,3.9339514070680734
P00065,SITE03,2025-01-06,0.0,0.7441235562350003,3.8445051553252356
P00065,SITE04,2024-12-30,0.0,0.845181355233156,6.9516063702370285
P00065,SITE04,2025-01-06,0.0,0.9589291719118662,7.0049530980932015
P00065,SITE05,2024-12-30,0.0,0.9360175285309381,3.439518482195749
P00065,SITE05,2025-01-06,0.0,0.963045732777868,3.439627217960507
P00065,SITE06,2024-12-30,0.0,0.33685078638447924,6.859083141895354
P00065,SITE06,2025-01-06,0.0,0.3442978283251918,7.034183185741074
P00066,SITE01,2024-12-30,0.0,0.22233313872381538,4.186104637471435
P00066,SITE01,2025-01-06,0.0,0.2281433736542356,4.337691986004225
P00066,SITE02,2024-12-30,0.0,0.5487713757918717,4.161587530680492
P00066,SITE02,2025-01-06,0.0,0.5783618998895685,4.3073224718136
P00066,SITE03,2024-12-30,0.0,0.3774509241644704,4.74323838513091
P00066,SITE03,2025-01-06,0.0,0.48683621648378655,4.883169202798693
P00066,SITE04,2024-12-30,0.0,0.9460436506545236,6.484895981926845
P00066,SITE04,2025-01-06,0.0,1.1175277670305628,6.886067973503646
P00066,SITE05,2024-12-30,0.0,1.4251914664225047,4.153075170581284
P00066,SITE05,2025-01-06,0.0,1.6615791907501996,4.338672405664261
P00066,SITE06,2024-12-30,0.0,0.5761859622622978,6.34951938364589
P00066,SITE06,2025-01-06,0.0,0.7814118766531186,6.4059003505676975
P00067,SITE01,2024-12-30,0.0,1.2893359479935613,4.430796252885982
P00067,SITE01,2025-01-06,0.0,1.4212017226016127,4.575380588735282
P00067,SITE02,2024-12-30,0.0,1.5608630714526042,4.92137933242835
P00067,SITE02,2025-01-06,0.0,1.7247698180501518,5.213016294681914
P00067,SITE03,2024-12-30,0.0,1.3815860059888554,4.767720128017536
P00067,SITE03,2025-01-06,0.0,1.5127765450930413,5.029157585572304
P00067,SITE04,2024-12-30,0.0,1.6286699618862253,5.177291372967412
P00067,SITE04,2025-01-06,0.0,1.7986602966775225,5.371596611823368
P00067,SITE05,2024-12-30,0.0,1.1915965576297742,4.418984100310733
P00067,SITE05,2025-01-06,0.0,1.219580604022542,4.619308621547259
P00067,SITE06,2024-12-30,0.0,2.1951128479500817,6.179295620820268
P00067,SITE06,2025-01-06,0.0,2.352745487991517,6.30494672688027
P00068,SITE01,2024-12-30,0.0,1.0729756434181779,4.74039377517089
P00068,SITE01,2025-01-06,0.0,1.1663593306453643,5.052555834993864
P00068,SITE02,2024-12-30,0.0,1.2191513556879199,3.669242194454721
P00068,SITE02,2025-01-06,0.0,1.4216831139271162,3.9258555262044403
P00068,SITE03,2024-12-30,0.0,2.0251764447318212,4.095059693633785
P00068,SITE03,2025-01-06,0.0,2.219530981644397,4.394263991428817
P00068,SITE04,2024-12-30,0.0,2.3739268621563996,6.738718289024068
P00068,SITE04,2025-01-06,0.0,2.518657246620239,6.868892685191595
P00068,SITE05,2024-12-30,0.0,1.3259613041250007,4.717997564153082
P00068,SITE05,2025-01-06,0.0,1.401014430757706,4.903135054379473
P00068,SITE06,2024-12-30,0.0,3.0168317068962276,8.60028680011604
P00068,SITE06,2025-01-06,0.0,3.183195108391704,8.639027746887798
P00069,SITE01,2024-12-30,0.0,1.0351767891382362,2.3071033113125945
P00069,SITE01,2025-01-06,0.0,1.070060576247332,2.359207530275583
P00069,SITE02,2024-12-30,0.0,0.5015573589714062,2.156567731009343
P00069,SITE02,2025-01-06,0.0,0.0035537797167121063,1.8774539121864011
P00069,SITE03,2024-12-30,0.0,1.087115053923242,1.8670869101372776
P00069,SITE03,2025-01-06,0.0,2.6971265378990327e-06,1.621718776518943
P00069,SITE04,2024-12-30,0.0,1.8749845484640424,4.993283873315077
P00069,SITE04,2025-01-06,0.0,1.941830820755453,5.302405645271649
P00069,SITE05,2024-12-30,0.0,1.017588514794709,2.246328874407934
P00069,SITE05,2025-01-06,0.0,1.0395361395465241,2.287775741733736
P00069,SITE06,2024-12-30,0.0,2.48199341207942,6.550434205258604
P00069,SITE06,2025-01-06,0.0,2.5257660336124172,6.58337669212175
P00070,SITE01,2024-12-30,0.0,0.5928926396022697,4.37367222678907
P00070,SITE01,2025-01-06,0.0,0.6738056604544419,4.563111220048403
P00070,SITE02,2024-12-30,0.0,1.7115831640927919,5.710526716203391
P00070,SITE02,2025-01-06,0.0,1.842338197913345,5.706582408877807
P00070,SITE03,2024-12-30,0.0,1.2631710404180212,3.476972713747109
P00070,SITE03,2025-01-06,0.0,1.424975966005249,3.715151383410666
P00070,SITE04,2024-12-30,0.0,3.3763577184035483,8.566869104072712
P00070,SITE04,2025-01-06,0.0,3.4865873089250754,8.691772960233642
P00070,SITE05,2024-12-30,0.0,1.1674319128030155,3.2522605144167933
P00070,SITE05,2025-01-06,0.0,1.2440378979725524,3.5309486159198817
P00070,SITE06,2024-12-30,0.0,3.3661653370522555,8.884851823047327
P00070,SITE06,2025-01-06,0.0,3.4763949275737818,8.979730892948803
P00071,SITE01,2024-12-30,0.9999973028734622,2.6310620864854104,5.150558757175856
P00071,SITE01,2025-01-06,0.9999973028734622,2.7548737344437906,5.175163547151
P00071,SITE02,2024-12-30,0.0,1.0953796460345273,3.5364734771657846
P00071,SITE02,2025-01-06,0.0,1.2541577154364456,3.7270162053715796
P00071,SITE03,2024-12-30,0.0,1.997218116786885,6.546482240928504
P00071,SITE03,2025-01-06,0.0,2.064680301066984,6.563618228440267
P00071,SITE04,2024-12-30,0.9999973028734622,3.0885303331021667,9.726482004154944
P00071,SITE04,2025-01-06,0.9999973028734622,3.2075321300411304,9.824568306049233
P00071,SITE05,2024-12-30,0.0,1.0559661210468831,3.436554649423265
P00071,SITE05,2025-01-06,0.0,1.134047151866217,3.493040762169542
P00071,SITE06,2024-12-30,0.0,2.554076134764787,6.942645476834167
P00071,SITE06,2025-01-06,0.0,2.6481651273478595,7.169214083872681
P00072,SITE01,2024-12-30,0.0,1.5713424310569857,3.7066445799093906
P00072,SITE01,2025-01-06,0.0,1.6122110085662826,3.7568086735121033
P00072,SITE02,2024-12-30,0.0,0.9976611822988493,3.763950499926115
P00072,SITE02,2025-01-06,0.0,1.045329960004981,3.8264590361346853
P00072,SITE03,2024-12-30,0.0,1.2040636198842054,3.324222749208604
P00072,SITE03,2025-01-06,0.0,1.206186801717637,3.336905084348391
P00072,SITE04,2024-12-30,0.0,1.350493131851561,4.866151865546852
P00072,SITE04,2025-01-06,0.0,1.4143674284631462,4.949807103412713
P00072,SITE05,2024-12-30,0.0,1.0854912128446563,4.165401750304363
P00072,SITE05,2025-01-06,0.0,1.0854794838491935,4.234160860597036
P00072,SITE06,2024-12-30,0.0,3.350902432836988,8.114748360583183
P00072,SITE06,2025-01-06,0.0,3.392487813014763,8.431620891790597
P00073,SITE01,2024-12-30,0.0,1.0304903366613123,2.299884813319974
P00073,SITE01,2025-01-06,0.0,1.0457510344420522,2.346351194072038
P00073,SITE02,2024-12-30,0.0,1.073627556750368,2.525476536411933
P00073,SITE02,2025-01-06,0.0,1.1411344738211449,2.5379353403795633
P00073,SITE03,2024-12-30,0.0,1.0020047405166326,2.867096005083418
P00073,SITE03,2025-01-06,0.0,1.002902009624781,2.9153439487883093
P00073,SITE04,2024-12-30,0.0,0.9323443730004369,3.0538492005269866
P00073,SITE04,2025-01-06,0.0,0.958523039339427,3.0612158006140184
P00073,SITE05,2024-12-30,0.0,0.17895820546869357,2.125653578250401
P00073,SITE05,2025-01-06,0.0,0.18753038849627446,2.0967688331057395
P00073,SITE06,2024-12-30,0.0,1.0119714637712849,3.1017986002405817
P00073,SITE06,2025-01-06,0.0,1.0482662770883189,3.0790961725850416
P00074,SITE01,2024-12-30,0.0,0.26275256372212086,1.7931643067576688
P00074,SITE01,2025-01-06,0.0,0.4660540129558895,1.730808684147585
P00074,SITE02,2024-12-30,0.0,0.12063698246529159,1.6883091099232501
P00074,SITE02,2025-01-06,0.0,0.07754670824471467,1.6276860769418446
P00074,SITE03,2024-12-30,0.0,0.05313006649298452,1.8539868225713059
P00074,SITE03,2025-01-06,0.0,0.9724190066897628,1.751154943350739
P00074,SITE04,2024-12-30,0.0,0.13280672649357939,2.4485052109389405
P00074,SITE04,2025-01-06,0.0,0.22101636009250472,2.5629250459095085
P00074,SITE05,2024-12-30,0.0,0.05313006649298452,1.7736523090216487
P00074,SITE05,2025-01-06,0.0,2.6971265378990327e-06,1.6995377577956177
P00074,SITE06,2024-12-30,0.0,0.4553800652247481,3.0122976919114755
P00074,SITE06,2025-01-06,0.0,0.46422064797488033,3.112889726741052
P00075,SITE01,2024-12-30,0.0,0.5347760722342313,2.6902273678488586
P00075,SITE01,2025-01-06,0.0,0.040365509626537927,2.6405085372116823
P00075,SITE02,2024-12-30,0.0,0.9416363259977204,2.665718602602436
P00075,SITE02,2025-01-06,0.0,0.9678149923367104,2.772958705052107
P00075,SITE03,2024-12-30,0.0,1.024312193573865,2.3476241104645643
P00075,SITE03,2025-01-06,0.0,1.0285442291091895,2.3923223960276703
P00075,SITE04,2024-12-30,0.0,1.0907418640822972,3.679252687712754
P00075,SITE04,2025-01-06,0.0,1.0988232794354889,3.8455951394534664
P00075,SITE05,2024-12-30,0.0,0.8409644791417239,3.04054545314702
P00075,SITE05,2025-01-06,0.0,0.8373960308558852,3.084293901786446
P00075,SITE06,2024-12-30,0.0,0.8821135535025602,3.008622465246632
P00075,SITE06,2025-01-06,0.0,0.8821135535025602,3.091083508936221
P00076,SITE01,2024-12-30,0.0,1.2317685739504904,3.1709379242931903
P00076,SITE01,2025-01-06,0.0,1.245501786451927,3.282445281142048
P00076,SITE02,2024-12-30,0.0,0.8113325635189794,3.6405007070005166
P00076,SITE02,2025-01-06,0.0,0.8875112298579695,3.7885935623330087
P00076,SITE03,2024-12-30,0.0,1.2692345737824,4.2354941412517055
P00076,SITE03,2025-01-06,0.0,1.3256622800353612,4.375585861750979
P00076,SITE04,2024-12-30,0.0,2.000837709652613,3.9575195016940734
P00076,SITE04,2025-01-06,0.0,2.0863158647022884,4.033762778688329
P00076,SITE05,2024-12-30,0.0,1.4772506001036945,3.473751749579213
P00076,SITE05,2025-01-06,0.0,1.4941093761731756,3.533427045282999
P00076,SITE06,2024-12-30,0.0,2.706395508552868,6.742324881949896
P00076,SITE06,2025-01-06,0.0,2.7886890163992946,7.188179679652519
P00077,SITE01,2024-12-30,0.0,2.2741376550451027,5.966362643757185
P00077,SITE01,2025-01-06,0.0,2.3611949770130747,5.961002966946806
P00077,SITE02,2024-12-30,0.0,1.03213517730525,3.1049401574048203
P00077,SITE02,2025-01-06,0.0,1.088875762850243,3.283206023548474
P00077,SITE03,2024-12-30,0.0,1.267218247755976,3.7476077068693106
P00077,SITE03,2025-01-06,0.0,1.403462542776861,3.8517154353624203
P00077,SITE04,2024-12-30,0.0,3.2486634996672517,8.581862414366764
P00077,SITE04,2025-01-06,0.0,3.3492957089069235,8.652030958591025
P00077,SITE05,2024-12-30,0.0,1.593803477482435,4.279544362340533
P00077,SITE05,2025-01-06,0.0,1.6763492159733897,4.728318681229802
P00077,SITE06,2024-12-30,0.0,2.3308570212709885,6.432750974372908
P00077,SITE06,2025-01-06,0.0,2.4138669050420525,6.41262776087401
P00078,SITE01,2024-12-30,0.0,1.9599756415788676,4.304108877863156
P00078,SITE01,2025-01-06,0.0,2.1168666533610603,4.455900790905679
P00078,SITE02,2024-12-30,0.0,1.4742638648351958,3.5391708263138493
P00078,SITE02,2025-01-06,0.0,1.658903744760739,3.7440297190925724
P00078,SITE03,2024-12-30,0.0,1.1009019249350458,3.7579458362517135
P00078,SITE03,2025-01-06,0.0,0.6643659129282001,3.8518130073525785
P00078,SITE04,2024-12-30,0.0,1.9455695140205507,6.159816145144185
P00078,SITE04,2025-01-06,0.0,2.1259523526754154,6.311777435184942
P00078,SITE05,2024-12-30,0.0,2.394057689321122,4.217459433769771
P00078,SITE05,2025-01-06,0.0,2.646855555153229,4.4766102524736615
P00078,SITE06,2024-12-30,0.0,2.3619259490828317,6.989190985695322
P00078,SITE06,2025-01-06,0.0,2.451340598770979,6.963303212361277
P00079,SITE01,2024-12-30,0.0,1.3332462111574988,4.679953337698637
P00079,SITE01,2025-01-06,0.0,1.406425019433714,4.981833210215817
P00079,SITE02,2024-12-30,0.0,1.2637144292980587,4.688609922079921
P00079,SITE02,2025-01-06,0.0,1.3884462039622432,4.967174850435928
P00079,SITE03,2024-12-30,0.0,1.2074021002592557,3.9930540229861022
P00079,SITE03,2025-01-06,0.0,1.2599508267939008,4.310066715680893
P00079,SITE04,2024-12-30,0.0,0.3874004247412716,4.398884293917097
P00079,SITE04,2025-01-06,0.0,0.3421566747412717,4.612113003107543
P00079,SITE05,2024-12-30,0.0,1.55525339342727,4.178976142039333
P00079,SITE05,2025-01-06,0.0,1.7146674574582141,4.392456288427253
P00079,SITE06,2024-12-30,0.9999973028734622,2.926495712823818,8.53073505059392
P00079,SITE06,2025-01-06,0.9999973028734622,2.9582801890348476,9.490554371019755
P00080,SITE01,2024-12-30,0.0,2.392081453155763,5.4717430944693515
P00080,SITE01,2025-01-06,0.0,2.5036199352972766,5.637544011966202
P00080,SITE02,2024-12-30,0.9999973028734622,3.1663353238372283,5.692126000043601
P00080,SITE02,2025-01-06,0.9999973028734622,3.273555798781535,5.827920058123704
P00080,SITE03,2024-12-30,0.9999973028734622,3.3803668848789727,5.901750093405856
P00080,SITE03,2025-01-06,0.9999973028734622,3.4563077605901253,5.984437236046755
P00080,SITE04,2024-12-30,0.9999973028734622,3.522133372400389,9.312024688636093
P00080,SITE04,2025-01-06,0.9999973028734622,3.563718752578164,9.49646556536492
P00080,SITE05,2024-12-30,0.0,1.5884935567832645,6.041581580708569
P00080,SITE05,2025-01-06,0.0,1.634834212399733,6.289233508034038
P00080,SITE06,2024-12-30,0.9999973028734622,5.467135681620883,14.240787449075281
P00080,SITE06,2025-01-06,0.9999973028734622,5.513476337237352,14.288101616722768
P00081,SITE01,2024-12-30,0.0,1.1395869124599782,3.493199157454562
P00081,SITE01,2025-01-06,0.0,1.2716485876869887,3.6949977298124725
P00081,SITE02,2024-12-30,0.0,1.2151228873439002,3.297514965633457
P00081,SITE02,2025-01-06,0.0,1.2882048368078514,3.525628919579996
P00081,SITE03,2024-12-30,0.0,0.8831926814816867,2.886553122220809
P00081,SITE03,2025-01-06,0.0,0.5540418254558898,3.043348477323119
P00081,SITE04,2024-12-30,0.0,1.5850772586947557,5.475543837624745
P00081,SITE04,2025-01-06,0.0,1.7596386527767998,5.701992821685163
P00081,SITE05,2024-12-30,0.0,1.0423762922919435,3.087926223830541
P00081,SITE05,2025-01-06,0.0,1.1145289187167524,3.404130466621694
P00081,SITE06,2024-12-30,0.0,1.5913775703710507,5.427466902728531
P00081,SITE06,2025-01-06,0.0,1.706226830374218,5.68297997865852
P00082,SITE01,2024-12-30,0.0,1.0436767269528064,2.840048917850408
P00082,SITE01,2025-01-06,0.0,0.5769215043633418,2.948382008212214
P00082,SITE02,2024-12-30,0.0,0.9407577519578875,3.4604490895944076
P00082,SITE02,2025-01-06,0.0,0.5352795550656736,3.4260349693352192
P00082,SITE03,2024-12-30,0.0,1.2716083963525684,3.266875386215197
P00082,SITE03,2025-01-06,0.0,1.4418776663867046,3.507752650288689
P00082,SITE04,2024-12-30,0.0,2.0740561019672596,6.16564725702094
P00082,SITE04,2025-01-06,0.0,2.200162220900643,6.019824214059464
P00082,SITE05,2024-12-30,0.0,1.0457185368655157,3.741745345337843
P00082,SITE05,2025-01-06,0.0,1.1339696455601225,4.006435056498749
P00082,SITE06,2024-12-30,0.0,3.6685795242417476,8.871889225967434
P00082,SITE06,2025-01-06,0.0,3.8074510297488167,8.998000505426736
P00083,SITE01,2024-12-30,0.0,1.273514935947835,5.215855808257916
P00083,SITE01,2025-01-06,0.0,1.3382711968827559,5.40526541509599
P00083,SITE02,2024-12-30,0.9999973028734622,3.7803295062891373,6.835264822529451
P00083,SITE02,2025-01-06,0.9999973028734622,3.9107590979137776,6.925089059440557
P00083,SITE03,2024-12-30,0.9999973028734622,3.141436451284635,5.607928845358135
P00083,SITE03,2025-01-06,0.9999973028734622,3.2718660429092754,5.61548143733579
P00083,SITE04,2024-12-30,0.9999973028734622,3.680085478814383,6.342310073254167
P00083,SITE04,2025-01-06,0.9999973028734622,3.758505806134095,6.463748068098074
P00083,SITE05,2024-12-30,0.0,2.546438021176303,5.062625741998707
P00083,SITE05,2025-01-06,0.0,2.744044526932117,5.137759792658034
P00083,SITE06,2024-12-30,0.9999973028734622,4.222865155227057,7.487680246951173
P00083,SITE06,2025-01-06,0.9999973028734622,4.319631965352411,7.591145138940849
P00084,SITE01,2024-12-30,0.0,2.412529075981199,5.125657914194332
P00084,SITE01,2025-01-06,0.0,2.5110495565369146,5.1752922749866626
P00084,SITE02,2024-12-30,0.0,1.7856802785713854,6.359927989058317
P00084,SITE02,2025-01-06,0.0,1.8001184749309183,6.444085057733211
P00084,SITE03,2024-12-30,0.9999973028734622,3.019361349056961,5.970936145669978
P00084,SITE03,2025-01-06,0.9999973028734622,3.0946920439311776,5.891842103993761
P00084,SITE04,2024-12-30,0.0,1.831860445069345,6.601923648492146
P00084,SITE04,2025-01-06,0.0,1.8913599285211367,6.60726694254165
P00084,SITE05,2024-12-30,0.0,1.6667469733142088,4.9761980326839055
P00084,SITE05,2025-01-06,0.0,1.7583312960092286,5.109754033519366
P00084,SITE06,2024-12-30,0.9999973028734622,4.3125268713321665,10.969625264861653
P00084,SITE06,2025-01-06,0.9999973028734622,4.354832769019082,11.059843120917437
P00085,SITE01,2024-12-30,0.0,1.1581076429138766,2.8191645801117224
P00085,SITE01,2025-01-06,0.0,1.1704912582753155,2.8233075825991953
P00085,SITE02,2024-12-30,0.0,1.1875385084661827,2.9975144024294167
P00085,SITE02,2025-01-06,0.0,1.194744807558317,3.052040000303422
P00085,SITE03,2024-12-30,0.0,1.1944897095743459,2.9956520638026642
P00085,SITE03,2025-01-06,0.0,1.2031412857866672,2.97594975258714
P00085,SITE04,2024-12-30,0.0,1.330729457705167,4.323907209955353
P00085,SITE04,2025-01-06,0.0,1.377070113321635,4.455883133913677
P00085,SITE05,2024-12-30,0.0,1.0440171291594145,3.477081919158482
P00085,SITE05,2025-01-06,0.0,1.0416859068655477,3.4912222224269924
P00085,SITE06,2024-12-30,0.9999973028734622,2.7204401598966004,5.151834004647277
P00085,SITE06,2025-01-06,0.9999973028734622,2.7796597323268575,5.228880930695242
P00086,SITE01,2024-12-30,0.9999973028734622,4.012022281155281,7.322614252532839
P00086,SITE01,2025-01-06,0.9999973028734622,4.1004710320558795,7.299285668849628
P00086,SITE02,2024-12-30,0.0,3.036682644867382,6.143258665514435
P00086,SITE02,2025-01-06,0.0,3.2675111816301428,6.109373289248686
P00086,SITE03,2024-12-30,0.9999973028734622,5.469483253544648,9.4219641744467
P00086,SITE03,2025-01-06,0.9999973028734622,5.610470345321377,9.453153364338487
P00086,SITE04,2024-12-30,0.0,2.8918931911103356,7.842377686765818
P00086,SITE04,2025-01-06,0.0,2.9688139116977452,8.017951581988894
P00086,SITE05,2024-12-30,0.0,2.382527728369612,8.019546173555089
P00086,SITE05,2025-01-06,0.0,2.477635336225536,8.008408000210407
P00086,SITE06,2024-12-30,0.9999973028734622,6.904149343716485,16.57752925121632
P00086,SITE06,2025-01-06,0.9999973028734622,7.033016113339404,16.640608409142672
P00087,SITE01,2024-12-30,0.0,0.5056737723587672,2.9864519538662964
P00087,SITE01,2025-01-06,0.0,0.5846749043270838,3.0840421565965874
P00087,SITE02,2024-12-30,0.0,0.9524666042825755,4.510082094194899
P00087,SITE02,2025-01-06,0.0,1.0637705209765131,4.8423609729872314
P00087,SITE03,2024-12-30,0.0,0.32010668107437523,2.9436459657639324
P00087,SITE03,2025-01-06,0.0,0.38849000629771435,3.1257115541748353
P00087,SITE04,2024-12-30,0.0,0.9661721757346391,4.271699883501596
P00087,SITE04,2025-01-06,0.0,1.1017521254149372,4.429962579093113
P00087,SITE05,2024-12-30,0.0,0.46725070519663836,3.4742997526623665
P00087,SITE05,2025-01-06,0.0,0.5076249075002018,3.523610592118605
P00087,SITE06,2024-12-30,0.0,0.6245452900443703,3.783816137075056
P00087,SITE06,2025-01-06,0.0,0.1379905096265378,3.8586681446131315
P00088,SITE01,2024-12-30,0.9999973028734622,2.831297578860501,5.482899152834925
P00088,SITE01,2025-01-06,0.9999973028734622,2.934477213246188,5.554023635706889
P00088,SITE02,2024-12-30,0.0,1.109546884857354,4.049677680814758
P00088,SITE02,2025-01-06,0.0,1.2193466402632405,4.398862210158547
P00088,SITE03,2024-12-30,0.0,0.9441363259977203,3.939492666913824
P00088,SITE03,2025-01-06,0.0,0.9703149923367104,4.429424838981454
P00088,SITE04,2024-12-30,0.0,2.49747734663323,8.079193334952832
P00088,SITE04,2025-01-06,0.0,2.606710315448414,8.22241730589616
P00088,SITE05,2024-12-30,0.0,2.532868317460855,4.708318458701596
P00088,SITE05,2025-01-06,0.0,2.706668575919353,4.795870587606146
P00088,SITE06,2024-12-30,0.0,2.1095795747517747,6.275900099914507
P00088,SITE06,2025-01-06,0.0,2.200379015047976,6.558994410393059
P00089,SITE01,2024-12-30,0.0,0.1253227067851997,5.746064223907886
P00089,SITE01,2025-01-06,0.0,0.1253227067851997,5.7358563690118505
P00089,SITE02,2024-12-30,0.0,0.33264620706496245,6.144836810345737
P00089,SITE02,2025-01-06,0.0,0.423932543336524,6.174579950330699
P00089,SITE03,2024-12-30,0.0,1.24509185024754,5.5509393395911015
P00089,SITE03,2025-01-06,0.0,1.2860174688501498,5.739424905130683
P00089,SITE04,2024-12-30,0.0,0.47920321316287284,7.521799545609368
P00089,SITE04,2025-01-06,0.0,0.5989236201884063,7.401179528782746
P00089,SITE05,2024-12-30,0.0,0.14244938896446652,5.556756594523381
P00089,SITE05,2025-01-06,0.0,0.14244938896446652,5.743409189934748
P00089,SITE06,2024-12-30,0.0,1.2035376092018095,11.037152589811145
P00089,SITE06,2025-01-06,0.0,1.304405094670121,10.95170036352166
P00090,SITE01,2024-12-30,0.0,0.1400997381839842,4.259464410712177
P00090,SITE01,2025-01-06,0.0,0.1399042554337883,4.28178400048866
P00090,SITE02,2024-12-30,0.0,0.2663284848882266,3.9296201345038773
P00090,SITE02,2025-01-06,0.0,0.28734942428967847,3.5979526760805403
P00090,SITE03,2024-12-30,0.0,0.13870173186018905,3.5932699310325305
P00090,SITE03,2025-01-06,0.0,0.13850624910999315,3.7684903196374484
P00090,SITE04,2024-12-30,0.0,1.6511222509828756,7.480431820469585
P00090,SITE04,2025-01-06,0.0,1.6888308556485045,7.4750605369919745
P00090,SITE05,2024-12-30,0.0,0.11998652252993793,3.900598345917701
P00090,SITE05,2025-01-06,0.0,0.119791039779742,3.9540467774605963
P00090,SITE06,2024-12-30,0.0,0.7449893217276091,4.20063451120898
P00090,SITE06,2025-01-06,0.0,0.8090974820216588,4.386948826272945
P00091,SITE01,2024-12-30,0.0,1.1861765326780196,4.933712780207592
P00091,SITE01,2025-01-06,0.0,1.1821290944811111,5.069911365341986
P00091,SITE02,2024-12-30,0.0,1.2479954039201147,3.38726499481166
P00091,SITE02,2025-01-06,0.0,1.2770038899606435,3.449458453952333
P00091,SITE03,2024-12-30,0.0,1.3144044101703218,3.618247837926465
P00091,SITE03,2025-01-06,0.0,1.3393654580139422,3.6852618185192516
P00091,SITE04,2024-12-30,0.0,3.3261345279758374,8.809453100241095
P00091,SITE04,2025-01-06,0.0,3.3959815306542134,9.038680538322271
P00091,SITE05,2024-12-30,0.0,1.4140725126210507,3.7348648411162007
P00091,SITE05,2025-01-06,0.0,1.4538868555530142,3.771600515514489
P00091,SITE06,2024-12-30,0.0,2.524951560755884,7.720214955903258
P00091,SITE06,2025-01-06,0.0,2.598833321363813,7.949044978605622
P00092,SITE01,2024-12-30,0.0,0.6018842290026335,3.531611428309007
P00092,SITE01,2025-01-06,0.0,0.6299838771645295,3.4689601527193124
P00092,SITE02,2024-12-30,0.0,0.20738028800032043,5.302384699126853
P00092,SITE02,2025-01-06,0.0,0.21610937089800691,5.265102722473392
P00092,SITE03,2024-12-30,0.0,0.6138663098202068,3.7299224896552707
P00092,SITE03,2025-01-06,0.0,0.6138663098202068,3.9698787978923344
P00092,SITE04,2024-12-30,0.0,0.4265695291108181,4.447113530377295
P00092,SITE04,2025-01-06,0.0,0.5033952283057048,4.468098677892994
P00092,SITE05,2024-12-30,0.0,1.1191004055989888,5.1140459636527975
P00092,SITE05,2025-01-06,0.0,1.1428782105904929,5.15607156279386
P00092,SITE06,2024-12-30,0.0,0.9307472157700705,7.7951197871511155
P00092,SITE06,2025-01-06,0.0,0.9990148681716351,7.874036967520753
P00093,SITE01,2024-12-30,0.0,1.3797558752581758,2.8228971148854485
P00093,SITE01,2025-01-06,0.0,1.438149247320281,2.7921925792387454
P00093,SITE02,2024-12-30,0.0,1.0552936779625957,4.202612431544369
P00093,SITE02,2025-01-06,0.0,1.0633750933157873,4.3715315636224465
P00093,SITE03,2024-12-30,0.0,0.7103414055224825,2.704805399602241
P00093,SITE03,2025-01-06,0.0,0.6608827244661154,2.5999598358217924
P00093,SITE04,2024-12-30,0.0,0.9725979520166916,3.336221278246185
P00093,SITE04,2025-01-06,0.0,0.9725979520166916,3.3395936809862983
P00093,SITE05,2024-12-30,0.0,0.5898854389619561,2.1845124692730646
P00093,SITE05,2025-01-06,0.0,0.10568805880811814,2.0665832972064164
P00093,SITE06,2024-12-30,0.0,1.8775205743539072,5.180975387564445
P00093,SITE06,2025-01-06,0.0,1.9210935944419902,5.250675435512716
P00094,SITE01,2024-12-30,0.0,1.188425759439756,3.729719367637205
P00094,SITE01,2025-01-06,0.0,1.2510828334900683,3.8951018591244115
P00094,SITE02,2024-12-30,0.0,1.042964194600827,3.7185155395981138
P00094,SITE02,2025-01-06,0.0,1.1060585248336463,3.8761452219996912
P00094,SITE03,2024-12-30,0.0,1.2487410287040424,4.269972843198486
P00094,SITE03,2025-01-06,0.0,1.3482301152994098,4.4207543184226905
P00094,SITE04,2024-12-30,0.0,1.4085889386235675,4.828318657352204
P00094,SITE04,2025-01-06,0.0,1.5332156844867646,5.025419199770506
P00094,SITE05,2024-12-30,0.0,1.5064563809929608,4.422827462495791
P00094,SITE05,2025-01-06,0.0,1.634100394643327,4.664811003273271
P00094,SITE06,2024-12-30,0.9999973028734622,2.5747579511474084,4.509291462673152
P00094,SITE06,2025-01-06,0.9999973028734622,2.723370410902962,4.545253181571655
P00095,SITE01,2024-12-30,0.0,0.03823279992326469,2.7132106774686178
P00095,SITE01,2025-01-06,0.0,0.08339429213299927,2.7735966236922227
P00095,SITE02,2024-12-30,0.0,0.42880961060739664,3.1404969231436692
P00095,SITE02,2025-01-06,0.0,0.43166929322819625,3.1541798129034193
P00095,SITE03,2024-12-30,0.0,0.9384484751086126,3.882718972798674
P00095,SITE03,2025-01-06,0.0,1.0021828797090884,3.935811243682206
P00095,SITE04,2024-12-30,0.0,3.2912201132152483,8.907175130235464
P00095,SITE04,2025-01-06,0.0,3.3328054933930233,9.125513977896922
P00095,SITE05,2024-12-30,0.0,0.5921356522431713,3.0755504523510315
P00095,SITE05,2025-01-06,0.0,0.6429001621569443,3.0499100827349803
P00095,SITE06,2024-12-30,0.0,2.630048584336406,6.703267017855035
P00095,SITE06,2025-01-06,0.0,2.7083073342532793,6.9757744618673145
P00096,SITE01,2024-12-30,0.0,0.7456445728151718,2.3538682359849075
P00096,SITE01,2025-01-06,0.0,0.040365509626537927,2.261450629827976
P00096,SITE02,2024-12-30,0.0,0.042626793894544386,2.448076332553948
P00096,SITE02,2025-01-06,0.0,0.09124821876721094,2.4877523592063353
P00096,SITE03,2024-12-30,0.0,0.8316181902070694,1.715066805742752
P00096,SITE03,2025-01-06,0.0,0.040365509626537927,1.6292416183091367
P00096,SITE04,2024-12-30,0.0,0.0751032745992326,3.666980974934697
P00096,SITE04,2025-01-06,0.0,0.12389706704025355,3.724741408976756
P00096,SITE05,2024-12-30,0.0,0.0,4.244573114438266
P00096,SITE05,2025-01-06,0.0,0.0,4.418824254043975
P00096,SITE06,2024-12-30,0.0,0.3171344008110206,3.613165792472365
P00096,SITE06,2025-01-06,0.0,0.35607114580210064,3.6129852550897885
P00097,SITE01,2024-12-30,0.0,1.397064726609923,3.4495915774428076
P00097,SITE01,2025-01-06,0.0,1.4068684752143945,3.4131808669750323
P00097,SITE02,2024-12-30,0.0,0.8843195326037613,2.390931557688584
P00097,SITE02,2025-01-06,0.0,0.9102197723635154,2.4109505574853003
P00097,SITE03,2024-12-30,0.0,0.9763599090222947,3.2535685493915945
P00097,SITE03,2025-01-06,0.0,0.9763599090222947,3.418323448559487
P00097,SITE04,2024-12-30,0.0,1.9786953234401186,4.05790145782655
P00097,SITE04,2025-01-06,0.0,2.043845699871399,4.069055243137613
P00097,SITE05,2024-12-30,0.0,1.0319612577715738,2.5574733231881877
P00097,SITE05,2025-01-06,0.0,1.0340500149121152,2.5982683669340094
P00097,SITE06,2024-12-30,0.0,1.5247881748640515,5.049446332784463
P00097,SITE06,2025-01-06,0.0,1.5325009162494816,5.131728070568144
P00098,SITE01,2024-12-30,0.0,0.4894456327294416,2.89151841183344
P00098,SITE01,2025-01-06,0.0,0.5140588932679725,2.948872921628954
P00098,SITE02,2024-12-30,0.0,0.6588701823363283,2.7448346488905693
P00098,SITE02,2025-01-06,0.0,0.040365509626537927,2.6652858090475777
P00098,SITE03,2024-12-30,0.0,0.6588701823363283,2.5455353836689905
P00098,SITE03,2025-01-06,0.0,0.040365509626537927,2.5917372724348384
P00098,SITE04,2024-12-30,0.0,0.44540512718114844,4.007002810045098
P00098,SITE04,2025-01-06,0.0,0.48745830405296786,3.9802281238590442
P00098,SITE05,2024-12-30,0.0,0.9991864499555888,2.6732733030031683
P00098,SITE05,2025-01-06,0.0,0.040365509626537927,2.711915849056985
P00098,SITE06,2024-12-30,0.0,1.2337780169399417,5.090509069576082
P00098,SITE06,2025-01-06,0.0,1.2449963371832802,5.108701820229376
P00099,SITE01,2024-12-30,0.0,0.6470737588068887,2.4290468664482376
P00099,SITE01,2025-01-06,0.0,0.09182236792846916,2.2847083062829063
P00099,SITE02,2024-12-30,0.0,0.4004176870235796,2.0782061638296336
P00099,SITE02,2025-01-06,0.0,0.3514395637431529,2.0739582187588033
P00099,SITE03,2024-12-30,0.0,0.6368259661692611,1.784400304796669
P00099,SITE03,2025-01-06,0.0,0.15296790801150015,1.6549358138855388
P00099,SITE04,2024-12-30,0.0,0.6160654212034118,2.80603797852099
P00099,SITE04,2025-01-06,0.0,0.633454888552629,2.8239918252598923
P00099,SITE05,2024-12-30,0.0,0.8628108280775354,1.708963285458907
P00099,SITE05,2025-01-06,0.0,0.08799050962653807,1.586291928357767
P00099,SITE06,2024-12-30,0.0,0.6744119475663378,2.51909302832709
P00099,SITE06,2025-01-06,0.0,0.3831825925795368,2.55111736113058
P00100,SITE01,2024-12-30,0.9999973028734622,3.5879546477630004,6.101168848898265
P00100,SITE01,2025-01-06,0.9999973028734622,3.6065022534280793,6.090835714793149
P00100,SITE02,2024-12-30,0.0,1.2357665493660803,5.273490963749161
P00100,SITE02,2025-01-06,0.0,1.2317191111691719,5.277744179660845
P00100,SITE03,2024-12-30,0.0,2.151186868002581,6.8333969554693486
P00100,SITE03,2025-01-06,0.0,2.2059639254110968,6.797221631685001
P00100,SITE04,2024-12-30,0.9999973028734622,3.3584195466501376,9.196985362276049
P00100,SITE04,2025-01-06,0.9999973028734622,3.41078665138764,9.197265146093564
P00100,SITE05,2024-12-30,0.9999973028734622,3.2485230677001207,5.860754845433668
P00100,SITE05,2025-01-06,0.9999973028734622,3.2711181115621066,5.6987173103164
P00100,SITE06,2024-12-30,0.9999973028734622,3.4623089415006323,5.904846986367614
P00100,SITE06,2025-01-06,0.9999973028734622,3.511617520986534,5.871040339134008
P00101,SITE01,2024-12-30,0.9999973028734622,3.702991890601318,6.916096062341874
P00101,SITE01,2025-01-06,0.9999973028734622,3.807310557867161,7.012805325688765
P00101,SITE02,2024-12-30,0.0,3.0333295885748925,8.43555062642556
P00101,SITE02,2025-01-06,0.0,3.111588338491765,8.507018799627986
P00101,SITE03,2024-12-30,0.9999973028734622,4.935674985655019,12.909018532560603
P00101,SITE03,2025-01-06,0.9999973028734622,5.038414520694565,13.254978076948294
P00101,SITE04,2024-12-30,0.9999973028734622,8.609617671499809,22.776101570195877
P00101,SITE04,2025-01-06,0.9999973028734622,8.78024957163562,23.982941443850855
P00101,SITE05,2024-12-30,0.9999973028734622,2.9763111520935968,5.671841796841731
P00101,SITE05,2025-01-06,0.9999973028734622,3.061778618305114,5.712599580342079
P00101,SITE06,2024-12-30,0.9999973028734622,8.729969545832095,21.77003615597404
P00101,SITE06,2025-01-06,0.9999973028734622,8.900601445967908,22.067372484940698
P00102,SITE01,2024-12-30,0.0,1.0631706940676116,4.1607189449595525
P00102,SITE01,2025-01-06,0.0,0.08799050962653807,4.189042420117898
P00102,SITE02,2024-12-30,0.0,1.0630456940676116,3.4609814751959127
P00102,SITE02,2025-01-06,0.0,0.08786550962653814,3.7176634721628683
P00102,SITE03,2024-12-30,0.0,1.0631706940676116,3.1303967669773294
P00102,SITE03,2025-01-06,0.0,0.08799050962653807,3.183964622759438
P00102,SITE04,2024-12-30,0.0,0.9878389181168462,4.288852293157041
P00102,SITE04,2025-01-06,0.0,1.085373402415698,4.405149385610948
P00102,SITE05,2024-12-30,0.0,1.0631706940676116,2.791443406372378
P00102,SITE05,2025-01-06,0.0,0.08799050962653807,2.8101213188460044
P00102,SITE06,2024-12-30,0.0,0.4144728753864775,3.823740023634202
P00102,SITE06,2025-01-06,0.0,0.431372314039986,4.056807361545162
P00103,SITE01,2024-12-30,0.9999973028734622,3.167289801604067,6.022173274403412
P00103,SITE01,2025-01-06,0.9999973028734622,3.2186926492193524,6.06888839919096
P00103,SITE02,2024-12-30,0.0,1.9857660209711394,5.449662145946825
P00103,SITE02,2025-01-06,0.0,2.0283780390979342,5.55619469275941
P00103,SITE03,2024-12-30,0.0,1.2587072654074283,4.640032621377719
P00103,SITE03,2025-01-06,0.0,1.2587072654074283,4.717879029831785
P00103,SITE04,2024-12-30,0.9999973028734622,3.3222454324067847,9.749062224662941
P00103,SITE04,2025-01-06,0.9999973028734622,3.3370131053692313,9.782072675803592
P00103,SITE05,2024-12-30,0.9999973028734622,2.5953086525008136,4.989081472261795
P00103,SITE05,2025-01-06,0.9999973028734622,2.6341236157600076,4.98711785064662
P00103,SITE06,2024-12-30,0.9999973028734622,6.279068532076024,13.376475280889206
P00103,SITE06,2025-01-06,0.9999973028734622,6.325409187692492,13.696205061051703
P00104,SITE01,2024-12-30,0.0,0.9220161503563183,3.23016747515643
P00104,SITE01,2025-01-06,0.0,0.4829029786867457,3.297396623510257
P00104,SITE02,2024-12-30,0.0,0.974557953148946,3.768922342862288
P00104,SITE02,2025-01-06,0.0,1.0542419299340757,3.954235934114737
P00104,SITE03,2024-12-30,0.0,0.5498648240135174,2.9376796360764406
P00104,SITE03,2025-01-06,0.0,0.040365509626537927,2.8991377696042178
P00104,SITE04,2024-12-30,0.0,2.282220264314541,6.155538115604228
P00104,SITE04,2025-01-06,0.0,2.373301544432547,6.290864401347988
P00104,SITE05,2024-12-30,0.0,1.7278068169432443,3.4039781464508403
P00104,SITE05,2025-01-06,0.0,1.9349363275902474,3.63848037778658
P00104,SITE06,2024-12-30,0.9999973028734622,4.592733648789597,8.12457582385777
P00104,SITE06,2025-01-06,0.9999973028734622,4.689500458914951,8.159539119024236
P00105,SITE01,2024-12-30,0.0,0.5656088289637703,3.5392491560662256
P00105,SITE01,2025-01-06,0.0,0.040365509626537927,3.6828121976785773
P00105,SITE02,2024-12-30,0.0,0.24440269176398827,3.9414539799752557
P00105,SITE02,2025-01-06,0.0,0.29554430320298386,4.069067632038897
P00105,SITE03,2024-12-30,0.0,0.44835292167722585,3.471765246864102
P00105,SITE03,2025-01-06,0.0,0.4743789912047197,3.6073719220863936
P00105,SITE04,2024-12-30,0.0,0.4773897225535164,4.806021454377446
P00105,SITE04,2025-01-06,0.0,0.5423706595251842,5.075543784980314
P00105,SITE05,2024-12-30,0.0,0.6243728433877911,3.646066086986468
P00105,SITE05,2025-01-06,0.0,0.6625012273480781,3.819088651414164
P00105,SITE06,2024-12-30,0.0,0.8568690455299894,3.5501001818364
P00105,SITE06,2025-01-06,0.0,0.9708724105294446,3.77610926855022
P00106,SITE01,2024-12-30,0.0,1.0028194825435155,4.590631422618216
P00106,SITE01,2025-01-06,0.0,1.0028194825435155,4.703692829829257
P00106,SITE02,2024-12-30,0.0,0.3898504685982726,4.100986132793934
P00106,SITE02,2025-01-06,0.0,0.44908659485329344,3.6877176357178767
P00106,SITE03,2024-12-30,0.0,0.35910366863601295,3.3160846854286397
P00106,SITE03,2025-01-06,0.0,0.30485877431118413,3.313420613994502
P00106,SITE04,2024-12-30,0.0,1.0589898223182292,5.349969495512206
P00106,SITE04,2025-01-06,0.0,1.1077464206622418,5.067270575513235
P00106,SITE05,2024-12-30,0.0,0.04996036799407334,4.210195129193331
P00106,SITE05,2025-01-06,0.0,0.07379404956718877,3.787363403847764
P00106,SITE06,2024-12-30,0.0,0.02497662131083629,5.693357149377538
P00106,SITE06,2025-01-06,0.0,0.0246664335615994,5.711450736002198
P00107,SITE01,2024-12-30,0.0,0.9620913459569432,2.838544840143779
P00107,SITE01,2025-01-06,0.0,0.9915292843447748,2.978223084434579
P00107,SITE02,2024-12-30,0.0,0.598760316346253,2.473141934111517
P00107,SITE02,2025-01-06,0.0,0.08799050962653807,2.6197407920418843
P00107,SITE03,2024-12-30,0.0,0.6889311931035156,3.618666994871889
P00107,SITE03,2025-01-06,0.0,0.6444668746325535,3.645491069537145
P00107,SITE04,2024-12-30,0.0,1.2196940527334716,4.409727821292542
P00107,SITE04,2025-01-06,0.0,1.272648827952559,4.477592370113047
P00107,SITE05,2024-12-30,0.0,1.074939314434086,3.047746479239025
P00107,SITE05,2025-01-06,0.0,1.0880402082990215,3.169016832397054
P00107,SITE06,2024-12-30,0.0,2.0439381257014397,3.8782361585275145
P00107,SITE06,2025-01-06,0.0,2.2109760633749014,3.9955759996996854
P00108,SITE01,2024-12-30,0.9999973028734622,6.114623933472793,10.252051526370964
P00108,SITE01,2025-01-06,0.9999973028734622,6.2301919194316175,10.280488526731283
P00108,SITE02,2024-12-30,0.0,4.024175832442379,9.901411674100165
P00108,SITE02,2025-01-06,0.0,4.139243698185969,10.050025293831691
P00108,SITE03,2024-12-30,0.9999973028734622,7.070872826377282,11.474361941163899
P00108,SITE03,2025-01-06,0.9999973028734622,7.186440812336106,11.438561235388981
P00108,SITE04,2024-12-30,0.9999973028734622,6.696090965065144,16.484479449871774
P00108,SITE04,2025-01-06,0.9999973028734622,6.805132381687699,16.054233632243413
P00108,SITE05,2024-12-30,0.9999973028734622,5.451516397965555,14.729318143428063
P00108,SITE05,2025-01-06,0.9999973028734622,5.556286594721698,14.718432229176614
P00108,SITE06,2024-12-30,0.9999973028734622,7.110995478705715,19.2424054535688
P00108,SITE06,2025-01-06,0.9999973028734622,7.242886764417176,19.23745712815224
P00109,SITE01,2024-12-30,0.0,0.9869582618481019,3.3867118191119663
P00109,SITE01,2025-01-06,0.0,0.9965054015437207,3.5704572205543053
P00109,SITE02,2024-12-30,0.0,0.803435871003838,1.9516565097831864
P00109,SITE02,2025-01-06,0.0,0.5122065160170362,2.0220397438118067
P00109,SITE03,2024-12-30,0.0,0.8032627738794087,2.991501916662577
P00109,SITE03,2025-01-06,0.0,0.8689219338378982,3.026261502419002
P00109,SITE04,2024-12-30,0.0,1.2121755285591498,4.20004245917796
P00109,SITE04,2025-01-06,0.0,1.2255746940707606,4.304680812675693
P00109,SITE05,2024-12-30,0.0,0.9943320575841622,2.2358003842797824
P00109,SITE05,2025-01-06,0.0,0.9928967790191175,2.2457965709034777
P00109,SITE06,2024-12-30,0.0,1.6868145420445142,5.151353423375807
P00109,SITE06,2025-01-06,0.0,1.7352679637135116,5.233621729505473
P00110,SITE01,2024-12-30,0.0,0.9857813385915387,2.0878060256620197
P00110,SITE01,2025-01-06,0.0,0.9911167083000726,2.1539226445981705
P00110,SITE02,2024-12-30,0.0,0.2681556840160867,1.833153804551684
P00110,SITE02,2025-01-06,0.0,2.6971265378990327e-06,1.7258989532903137
P00110,SITE03,2024-12-30,0.0,0.13629537162817537,2.4612133981304845
P00110,SITE03,2025-01-06,0.0,0.13778822010611472,2.4377553422983373
P00110,SITE04,2024-12-30,0.0,1.00513495770775,3.297076103884716
P00110,SITE04,2025-01-06,0.0,1.0331486272028245,3.24625644664982
P00110,SITE05,2024-12-30,0.0,0.2517964399040651,1.6142506142615776
P00110,SITE05,2025-01-06,0.0,2.6971265378990327e-06,1.5333030486394374
P00110,SITE06,2024-12-30,0.0,1.3801223215593061,4.938900660487612
P00110,SITE06,2025-01-06,0.0,1.4272689959859337,4.9503452786637645
P00111,SITE01,2024-12-30,0.0,1.0949838075894407,3.4693030954809307
P00111,SITE01,2025-01-06,0.0,1.0949838075894407,3.5078786982775867
P00111,SITE02,2024-12-30,0.0,1.0693472988569355,2.6858323913960507
P00111,SITE02,2025-01-06,0.0,1.0806010361459781,2.7022499603771464
P00111,SITE03,2024-12-30,0.0,0.9334436476126077,2.86003042350883
P00111,SITE03,2025-01-06,0.0,0.9596223139515975,2.909299440522252
P00111,SITE04,2024-12-30,0.0,1.2668600736931817,3.891919433230039
P00111,SITE04,2025-01-06,0.0,1.3072985817510006,4.007892782879309
P00111,SITE05,2024-12-30,0.0,0.955697025730416,2.644171706611827
P00111,SITE05,2025-01-06,0.0,0.9518332709189619,2.655333160832065
P00111,SITE06,2024-12-30,0.0,1.5037256105660652,5.3737706031585715
P00111,SITE06,2025-01-06,0.0,1.5325863682416607,5.481059426570515
P00112,SITE01,2024-12-30,0.0,1.3214105268185075,3.3032642670937182
P00112,SITE01,2025-01-06,0.0,1.3976731593103284,3.288874833029584
P00112,SITE02,2024-12-30,0.0,0.36817804659007525,2.69792289237675
P00112,SITE02,2025-01-06,0.0,0.3641306083931669,2.938663935566169
P00112,SITE03,2024-12-30,0.0,0.07441822814510984,2.540038647165057
P00112,SITE03,2025-01-06,0.0,0.07441822814510984,2.562231317057503
P00112,SITE04,2024-12-30,0.0,1.039970548717089,4.028914840964067
P00112,SITE04,2025-01-06,0.0,1.058319832014591,4.110558687891279
P00112,SITE05,2024-12-30,0.0,0.8567032616271688,2.8662873785731486
P00112,SITE05,2025-01-06,0.0,0.8526558234302606,3.042962802950316
P00112,SITE06,2024-12-30,0.9999973028734622,3.5090050761440397,9.03222011509295
P00112,SITE06,2025-01-06,0.9999973028734622,3.533831075890082,9.066135071567354
P00113,SITE01,2024-12-30,0.0,0.2665606577151646,1.203126285431192
P00113,SITE01,2025-01-06,0.0,2.6971265378990327e-06,1.0820963694807664
P00113,SITE02,2024-12-30,0.0,0.2665606577151646,1.3324701084949988
P00113,SITE02,2025-01-06,0.0,2.6971265378990327e-06,1.1991704265073797
P00113,SITE03,2024-12-30,0.0,0.2665606577151646,1.381299272190067
P00113,SITE03,2025-01-06,0.0,2.6971265378990327e-06,1.250116898036142
P00113,SITE04,2024-12-30,0.0,0.978397041106148,2.731340643220175
P00113,SITE04,2025-01-06,0.0,0.9789064567981818,2.7256778297292588
P00113,SITE05,2024-12-30,0.0,0.056938160486028226,1.2476870223003538
P00113,SITE05,2025-01-06,0.0,2.6971265378990327e-06,1.1195529615604376
P00113,SITE06,2024-12-30,0.0,0.2665606577151646,1.4951864950860674
P00113,SITE06,2025-01-06,0.0,2.6971265378990327e-06,1.3359487033409672
P00114,SITE01,2024-12-30,0.0,0.5676703329706728,2.967332716754733
P00114,SITE01,2025-01-06,0.0,0.5147065160170361,3.2241996049410044
P00114,SITE02,2024-12-30,0.0,0.5769202900443703,2.9051914505880374
P00114,SITE02,2025-01-06,0.0,0.040365509626537927,2.9827884349893883
P00114,SITE03,2024-12-30,0.0,0.9914750047718067,2.9903360886273007
P00114,SITE03,2025-01-06,0.0,1.020243186673832,3.3503687551216537
P00114,SITE04,2024-12-30,0.0,1.0513406455308665,3.605861872240346
P00114,SITE04,2025-01-06,0.0,1.0775193118698565,3.8350653542359194
P00114,SITE05,2024-12-30,0.0,0.35020152090887485,2.9682729484333255
P00114,SITE05,2025-01-06,0.0,0.32526391706482244,3.2629309902262293
P00114,SITE06,2024-12-30,0.0,0.7301790988539039,3.5618301369916305
P00114,SITE06,2025-01-06,0.0,0.6594069793656376,3.8018876141830944
P00115,SITE01,2024-12-30,0.0,1.48433021893458,5.479846325852729
P00115,SITE01,2025-01-06,0.0,1.469337983529358,5.759261913419109
P00115,SITE02,2024-12-30,0.0,1.9839454817234186,4.937973032155619
P00115,SITE02,2025-01-06,0.0,2.0775017719334823,4.8566964921365186
P00115,SITE03,2024-12-30,0.9999973028734622,3.2474960851410968,5.7428002040705115
P00115,SITE03,2025-01-06,0.9999973028734622,3.3269353784820748,5.913819120603139
P00115,SITE04,2024-12-30,0.9999973028734622,7.465295687065074,18.17047155151698
P00115,SITE04,2025-01-06,0.9999973028734622,7.497484970307408,18.379673473860635
P00115,SITE05,2024-12-30,0.0,1.8577600699427144,5.926499660703924
P00115,SITE05,2025-01-06,0.0,1.9004554083523042,6.128542670431154
P00115,SITE06,2024-12-30,0.9999973028734622,6.2934008265466375,15.365295021237849
P00115,SITE06,2025-01-06,0.9999973028734622,6.325590109788971,16.042751210700562
P00116,SITE01,2024-12-30,0.0,2.2145474796788878,6.0096490582657145
P00116,SITE01,2025-01-06,0.0,2.2447937730780962,6.225440530798985
P00116,SITE02,2024-12-30,0.0,2.809041438275506,5.819992924630227
P00116,SITE02,2025-01-06,0.0,2.9186145332608286,5.950442157877752
P00116,SITE03,2024-12-30,0.9999973028734622,3.9966840587152506,7.168460108786701
P00116,SITE03,2025-01-06,0.9999973028734622,4.076672372623314,7.271586599705597
P00116,SITE04,2024-12-30,0.9999973028734622,9.910657491258311,14.814188516711583
P00116,SITE04,2025-01-06,0.9999973028734622,10.092543128683168,15.405264173769982
P00116,SITE05,2024-12-30,0.0,1.62470335328426,4.897406417537659
P00116,SITE05,2025-01-06,0.0,1.700215683161389,4.924457631788938
P00116,SITE06,2024-12-30,0.9999973028734622,5.307333411002904,12.593629230293073
P00116,SITE06,2025-01-06,0.9999973028734622,5.406025507845544,12.814541628688573
P00117,SITE01,2024-12-30,0.0,1.008849663822518,2.3500422281732463
P00117,SITE01,2025-01-06,0.0,1.010938420963059,2.4183349603595223
P00117,SITE02,2024-12-30,0.0,0.8690386220432169,3.032296419689025
P00117,SITE02,2025-01-06,0.0,0.8690386220432169,3.0169808812995798
P00117,SITE03,2024-12-30,0.0,0.9378564869564796,2.4953281932067197
P00117,SITE03,2025-01-06,0.0,0.9640351532954696,2.6219277099075087
P00117,SITE04,2024-12-30,0.0,1.2348936135955844,4.868182818097537
P00117,SITE04,2025-01-06,0.0,1.2495157059274382,4.8327515980029405
P00117,SITE05,2024-12-30,0.0,0.9964212244349656,2.360448351002314
P00117,SITE05,2025-01-06,0.0,1.0008486723512053,2.4387905927551086
P00117,SITE06,2024-12-30,0.0,1.1416763056478567,4.110967634978784
P00117,SITE06,2025-01-06,0.0,1.1539888425834106,4.189946135368434
P00118,SITE01,2024-12-30,0.0,0.7232498122429543,2.943063904290745
P00118,SITE01,2025-01-06,0.0,0.040365509626537927,2.9092970324496616
P00118,SITE02,2024-12-30,0.0,0.11811986427710973,2.4946352447209614
P00118,SITE02,2025-01-06,0.0,0.11811986427710973,2.579676753231385
P00118,SITE03,2024-12-30,0.0,0.8329340675198118,3.3699642029904626
P00118,SITE03,2025-01-06,0.0,0.9015362954017718,3.424754657962296
P00118,SITE04,2024-12-30,0.0,0.4961612156159012,2.9692612823872473
P00118,SITE04,2025-01-06,0.0,0.040365509626537927,2.8732309807071723
P00118,SITE05,2024-12-30,0.0,0.8094958813676825,3.0322174533639847
P00118,SITE05,2025-01-06,0.0,0.8094958813676825,3.0682145992169354
P00118,SITE06,2024-12-30,0.0,1.5639857143763325,4.731782884984812
P00118,SITE06,2025-01-06,0.0,1.625905528843686,4.940087813811596
P00119,SITE01,2024-12-30,0.0,0.246040328396943,1.7320457124045932
P00119,SITE01,2025-01-06,0.0,2.6971265378990327e-06,1.5986177908579706
P00119,SITE02,2024-12-30,0.0,0.26275256372212086,1.8181008129649874
P00119,SITE02,2025-01-06,0.0,2.6971265378990327e-06,1.718254730337378
P00119,SITE03,2024-12-30,0.0,0.05313006649298452,2.007834912994104
P00119,SITE03,2025-01-06,0.0,2.6971265378990327e-06,1.8458277349821295
P00119,SITE04,2024-12-30,0.0,0.998056776474413,2.738537192174018
P00119,SITE04,2025-01-06,0.0,1.0173401466968994,2.825014318033373
P00119,SITE05,2024-12-30,0.0,0.04828150926189442,1.7965927566472442
P00119,SITE05,2025-01-06,0.0,0.04317600243891509,1.576954089474845
P00119,SITE06,2024-12-30,0.0,0.9297168642395869,2.2452901695886753
P00119,SITE06,2025-01-06,0.0,0.9558955305785769,2.3074177056889043
P00120,SITE01,2024-12-30,0.0,1.6232250753305153,4.760004551352047
P00120,SITE01,2025-01-06,0.0,1.6779803584524737,4.901655605251695
P00120,SITE02,2024-12-30,0.0,2.580065065901392,4.868982811713579
P00120,SITE02,2025-01-06,0.0,2.6159185345281637,4.922629439303984
P00120,SITE03,2024-12-30,0.0,1.382176660865405,5.38881839099378
P00120,SITE03,2025-01-06,0.0,1.382176660865405,5.534254422549755
P00120,SITE04,2024-12-30,0.0,3.112220478893767,8.781310623508382
P00120,SITE04,2025-01-06,0.0,3.20928165970264,9.041275982409632
P00120,SITE05,2024-12-30,0.9999973028734622,3.0989899985871805,5.576968860717794
P00120,SITE05,2025-01-06,0.9999973028734622,3.148009663936334,5.635903845577619
P00120,SITE06,2024-12-30,0.9999973028734622,3.4800344834844212,9.465766449645985
P00120,SITE06,2025-01-06,0.9999973028734622,3.5404222945541965,9.55292184252829
P00121,SITE01,2024-12-30,0.9999973028734622,2.3191119430178833,4.77496889482434
P00121,SITE01,2025-01-06,0.9999973028734622,2.4834830596197546,4.9094602776302585
P00121,SITE02,2024-12-30,0.0,2.871019213346372,7.568835337242018
P00121,SITE02,2025-01-06,0.0,2.9576632031105676,7.342692292212546
P00121,SITE03,2024-12-30,0.0,2.804296772758302,7.803536422247118
P00121,SITE03,2025-01-06,0.0,2.895741559644344,7.69997012130055
P00121,SITE04,2024-12-30,0.9999973028734622,5.482002621986157,10.032017802825271
P00121,SITE04,2025-01-06,0.9999973028734622,5.55791988826243,9.937283728619729
P00121,SITE05,2024-12-30,0.0,2.705578543226343,7.491872183623993
P00121,SITE05,2025-01-06,0.0,2.794917897411711,7.375937730631267
P00121,SITE06,2024-12-30,0.9999973028734622,3.017106742894918,8.674804335839733
P00121,SITE06,2025-01-06,0.9999973028734622,3.066565101242694,8.813343133457556
P00122,SITE01,2024-12-30,0.0,1.4545210181254282,5.0843219388437015
P00122,SITE01,2025-01-06,0.0,1.5915374934288915,5.343939797503867
P00122,SITE02,2024-12-30,0.0,0.8173932370446969,3.4553319861649294
P00122,SITE02,2025-01-06,0.0,0.7816467595046576,3.5115150394623478
P00122,SITE03,2024-12-30,0.0,1.6821975007265388,3.5470848354445605
P00122,SITE03,2025-01-06,0.0,1.9037051396279225,3.781919871653341
P00122,SITE04,2024-12-30,0.9999973028734622,3.296195845269784,8.802756914429608
P00122,SITE04,2025-01-06,0.9999973028734622,3.396828054509456,8.852396482548361
P00122,SITE05,2024-12-30,0.9999973028734622,2.0941636877491714,4.292215035329723
P00122,SITE05,2025-01-06,0.9999973028734622,2.161340826674473,4.431640887279739
P00122,SITE06,2024-12-30,0.9999973028734622,3.3001524047334363,8.83754390905872
P00122,SITE06,2025-01-06,0.9999973028734622,3.411366073453402,8.921340669654475
P00123,SITE01,2024-12-30,0.0,3.392295571450271,9.12175025556449
P00123,SITE01,2025-01-06,0.0,3.43185843280401,9.37999498744336
P00123,SITE02,2024-12-30,0.0,1.733035546640891,6.019614906865836
P00123,SITE02,2025-01-06,0.0,1.7795766391901415,6.195547521300222
P00123,SITE03,2024-12-30,0.0,2.699379397657936,7.636853697106635
P00123,SITE03,2025-01-06,0.0,2.7700218759332316,8.032273119290902
P00123,SITE04,2024-12-30,0.9999973028734622,5.119795622177102,8.647560002073606
P00123,SITE04,2025-01-06,0.9999973028734622,5.193713979064216,8.738780496588909
P00123,SITE05,2024-12-30,0.0,2.484700249097212,5.5498343323744415
P00123,SITE05,2025-01-06,0.0,2.5892150878284057,5.476138164956976
P00123,SITE06,2024-12-30,0.9999973028734622,4.083406490298087,10.670298158001323
P00123,SITE06,2025-01-06,0.9999973028734622,4.105489453710955,10.757032232272424
P00124,SITE01,2024-12-30,0.0,1.1017406432021861,3.0175411141237003
P00124,SITE01,2025-01-06,0.0,1.1571196802759873,3.0558394882312707
P00124,SITE02,2024-12-30,0.0,1.1793890948674866,3.277557646188228
P00124,SITE02,2025-01-06,0.0,1.2347681319412873,3.4432872409831186
P00124,SITE03,2024-12-30,0.0,0.9985821906108714,3.099215570890459
P00124,SITE03,2025-01-06,0.0,1.0885621527284532,3.1353665199233727
P00124,SITE04,2024-12-30,0.0,1.7965522882938811,5.353747389897186
P00124,SITE04,2025-01-06,0.0,1.9677410452673658,5.693653614034374
P00124,SITE05,2024-12-30,0.0,0.9904494936847825,2.868261666555668
P00124,SITE05,2025-01-06,0.0,0.5139764010252406,2.8304205651425374
P00124,SITE06,2024-12-30,0.0,1.3948779519715087,5.019787492738153
P00124,SITE06,2025-01-06,0.0,1.5655210554134522,5.214492148059088
P00125,SITE01,2024-12-30,0.0,0.9503661609739302,1.9658406506696497
P00125,SITE01,2025-01-06,0.0,0.9765448273129202,2.0174514523112825
P00125,SITE02,2024-12-30,0.0,0.8758952262173039,2.2722507398988543
P00125,SITE02,2025-01-06,0.0,0.8857293395864303,2.3002621626320803
P00125,SITE03,2024-12-30,0.0,0.8842968412349326,1.8453742089930707
P00125,SITE03,2025-01-06,0.0,0.9104755075739226,1.9323606682191168
P00125,SITE04,2024-12-30,0.0,1.108244679406723,2.821428048814166
P00125,SITE04,2025-01-06,0.0,1.109003629450373,2.8519004858212127
P00125,SITE05,2024-12-30,0.0,0.9917070440051579,1.9101516481941114
P00125,SITE05,2025-01-06,0.0,1.0178857103441485,1.9641832352463153
P00125,SITE06,2024-12-30,0.0,1.08606007985932,3.966283502808852
P00125,SITE06,2025-01-06,0.0,1.082012641662412,4.040777883357677
P00126,SITE01,2024-12-30,0.0,0.7613325635189794,2.9501222975369266
P00126,SITE01,2025-01-06,0.0,0.8375112298579694,3.0002921879893405
P00126,SITE02,2024-12-30,0.0,0.7235441281538665,2.243475423720745
P00126,SITE02,2025-01-06,0.0,0.7610029287792118,2.366867387632145
P00126,SITE03,2024-12-30,0.0,1.0747511506261516,2.697963079708518
P00126,SITE03,2025-01-06,0.0,1.0887000617453775,2.778745464250228
P00126,SITE04,2024-12-30,0.0,1.4391959326152919,4.9918333415282525
P00126,SITE04,2025-01-06,0.0,1.4413837824659237,5.079234736170353
P00126,SITE05,2024-12-30,0.0,0.759744036367995,3.183384508166155
P00126,SITE05,2025-01-06,0.0,0.8359227027069851,3.400194197125784
P00126,SITE06,2024-12-30,0.0,1.2093996374144327,4.171622799109204
P00126,SITE06,2025-01-06,0.0,1.2101151349361925,4.22715295314983
P00127,SITE01,2024-12-30,0.0,2.342444980391794,6.032600184433533
P00127,SITE01,2025-01-06,0.0,2.340538252586721,6.265412937580233
P00127,SITE02,2024-12-30,0.0,2.1400230384228522,4.041233049796236
P00127,SITE02,2025-01-06,0.0,2.2314866838551413,4.156963479913503
P00127,SITE03,2024-12-30,0.0,1.095681106647909,3.7472165640818016
P00127,SITE03,2025-01-06,0.0,1.091633668451001,3.9117143839416446
P00127,SITE04,2024-12-30,0.9999973028734622,4.4990934935028,11.472888907378014
P00127,SITE04,2025-01-06,0.9999973028734622,4.4891565880145965,12.042699600419818
P00127,SITE05,2024-12-30,0.0,0.47314181928726495,3.240949302958895
P00127,SITE05,2025-01-06,0.0,0.5198346139173226,3.299663775105109
P00127,SITE06,2024-12-30,0.9999973028734622,5.119364356701325,12.327330087325333
P00127,SITE06,2025-01-06,0.9999973028734622,5.101884458760454,13.119445811351186
P00128,SITE01,2024-12-30,0.0,2.9458022491735774,7.5570044246876025
P00128,SITE01,2025-01-06,0.0,3.0156492518519524,7.869595885897621
P00128,SITE02,2024-12-30,0.0,1.079216407817604,4.197579099449151
P00128,SITE02,2025-01-06,0.0,1.104345278518761,4.288565880973694
P00128,SITE03,2024-12-30,0.0,1.9591667895781226,4.043192342120391
P00128,SITE03,2025-01-06,0.0,2.0096546557009813,4.094350137849827
P00128,SITE04,2024-12-30,0.9999973028734622,3.346548477561235,9.43389446095647
P00128,SITE04,2025-01-06,0.9999973028734622,3.416395480239611,9.565121297138479
P00128,SITE05,2024-12-30,0.9999973028734622,3.0792281775417973,5.78099419094742
P00128,SITE05,2025-01-06,0.9999973028734622,3.0802469403769024,5.8142464886364635
P00128,SITE06,2024-12-30,0.0,2.529408498794305,6.879223767466583
P00128,SITE06,2025-01-06,0.0,2.5807689980061537,6.924923655917332
P00129,SITE01,2024-12-30,0.0,0.05755214848864544,2.358338867148132
P00129,SITE01,2025-01-06,0.0,0.057626428893896055,2.4784891286127575
P00129,SITE02,2024-12-30,0.0,0.23312571999818488,3.720416183828649
P00129,SITE02,2025-01-06,0.0,0.23561895877993871,4.070598870048403
P00129,SITE03,2024-12-30,0.0,0.8140627919699086,2.4745608368341605
P00129,SITE03,2025-01-06,0.0,0.040365509626537927,2.3256550217126244
P00129,SITE04,2024-12-30,0.0,0.22928858853889364,3.586943115639064
P00129,SITE04,2025-01-06,0.0,0.23332942982058544,3.737443132332664
P00129,SITE05,2024-12-30,0.0,0.26997662543156004,3.316882446301038
P00129,SITE05,2025-01-06,0.0,0.26997662543156004,3.4108746675780117
P00129,SITE06,2024-12-30,0.0,0.13200858991818312,3.431825140764641
P00129,SITE06,2025-01-06,0.0,0.18618462428320728,3.536648062332212
P00130,SITE01,2024-12-30,0.0,0.60822138802092,3.353095745487716
P00130,SITE01,2025-01-06,0.0,0.11649107912886555,3.493551856169866
P00130,SITE02,2024-12-30,0.0,0.6225222332939719,3.2063511482404077
P00130,SITE02,2025-01-06,0.0,0.13255816044366284,3.370173846644213
P00130,SITE03,2024-12-30,0.0,0.8213805760085168,3.6653867151678425
P00130,SITE03,2025-01-06,0.0,0.840856577739224,3.608460386389846
P00130,SITE04,2024-12-30,0.0,1.7100615549483342,7.3190042414870256
P00130,SITE04,2025-01-06,0.0,1.8356700502587031,7.794424895298955
P00130,SITE05,2024-12-30,0.0,0.3187924397109985,3.387284538528204
P00130,SITE05,2025-01-06,0.0,0.4309955169106318,3.6509736264293284
P00130,SITE06,2024-12-30,0.0,0.9732819928096186,4.39146456085793
P00130,SITE06,2025-01-06,0.0,1.0040214263984126,4.589550271114551
P00131,SITE01,2024-12-30,0.0,0.5125204597279226,2.1585189038323858
P00131,SITE01,2025-01-06,0.0,0.040365509626537927,1.9015369989738127
P00131,SITE02,2024-12-30,0.0,0.5125204597279226,1.9671519368406816
P00131,SITE02,2025-01-06,0.0,0.040365509626537927,1.9065847849161153
P00131,SITE03,2024-12-30,0.0,0.5125204597279226,2.113256733330524
P00131,SITE03,2025-01-06,0.0,0.040365509626537927,1.8737089057198943
P00131,SITE04,2024-12-30,0.0,0.5085061977528872,2.333197805794168
P00131,SITE04,2025-01-06,0.0,0.024308817599048713,2.307528976615624
P00131,SITE05,2024-12-30,0.0,0.5125204597279226,2.5004278544324423
P00131,SITE05,2025-01-06,0.0,0.040365509626537927,2.215156687120431
P00131,SITE06,2024-12-30,0.0,0.5125204597279226,2.3955178430429513
P00131,SITE06,2025-01-06,0.0,0.040365509626537927,2.4622831056424572
P00132,SITE01,2024-12-30,0.0,2.855418725386901,7.48377078407037
P00132,SITE01,2025-01-06,0.0,2.9626541073437513,7.544626445804547
P00132,SITE02,2024-12-30,0.0,2.339751495137527,4.680484144290685
P00132,SITE02,2025-01-06,0.0,2.6470619491475524,4.7839576088911535
P00132,SITE03,2024-12-30,0.0,2.3310068561737514,6.705412444752231
P00132,SITE03,2025-01-06,0.0,2.4026635467867004,6.804369139724547
P00132,SITE04,2024-12-30,0.0,2.6134714045293657,7.238161202046897
P00132,SITE04,2025-01-06,0.0,2.7779107470097975,7.325062696321286
P00132,SITE05,2024-12-30,0.0,1.9788148899544247,5.763053294755895
P00132,SITE05,2025-01-06,0.0,2.0276085196784925,5.731000403540294
P00132,SITE06,2024-12-30,0.0,1.1561605258071155,4.557879333847947
P00132,SITE06,2025-01-06,0.0,1.272418117297737,4.727177487735311
P00133,SITE01,2024-12-30,0.0,1.3411852578998813,3.1839676494124136
P00133,SITE01,2025-01-06,0.0,1.4001054426193154,3.296795384592531
P00133,SITE02,2024-12-30,0.0,1.3179672673663823,3.1947132798138895
P00133,SITE02,2025-01-06,0.0,1.433303354982486,3.351158139358419
P00133,SITE03,2024-12-30,0.0,0.9855504018361005,2.701593395908393
P00133,SITE03,2025-01-06,0.0,0.4899917727747193,2.7469562574848885
P00133,SITE04,2024-12-30,0.0,1.1414173224578648,4.029924051138352
P00133,SITE04,2025-01-06,0.0,1.2167548885433999,4.265390012119121
P00133,SITE05,2024-12-30,0.0,1.2700762785218906,3.472496703304998
P00133,SITE05,2025-01-06,0.0,1.448848315982257,3.63497194740918
P00133,SITE06,2024-12-30,0.0,1.4728432573427885,4.537008088536312
P00133,SITE06,2025-01-06,0.0,1.537171949838208,5.1744507133369035
P00134,SITE01,2024-12-30,0.0,1.5844182038637231,4.984695772999554
P00134,SITE01,2025-01-06,0.0,1.656525041294982,4.988490068035427
P00134,SITE02,2024-12-30,0.0,1.0867655848484739,3.285614503825887
P00134,SITE02,2025-01-06,0.0,1.1787729977506722,3.4841276437867617
P00134,SITE03,2024-12-30,0.0,1.4539689916886094,5.003108136382043
P00134,SITE03,2025-01-06,0.0,1.56072337529796,5.171237633890856
P00134,SITE04,2024-12-30,0.0,1.9267274505391903,5.6510536918659575
P00134,SITE04,2025-01-06,0.0,2.07587473196591,5.7598613423258245
P00134,SITE05,2024-12-30,0.0,1.0381154146516,3.2121540882046293
P00134,SITE05,2025-01-06,0.0,1.1383833216000134,3.3867503169047515
P00134,SITE06,2024-12-30,0.9999973028734622,3.0501140290316426,6.122707352497225
P00134,SITE06,2025-01-06,0.9999973028734622,3.1401032635772967,6.130499271482814
P00135,SITE01,2024-12-30,0.0,0.05313006649298452,1.6485485202835062
P00135,SITE01,2025-01-06,0.0,2.6971265378990327e-06,1.512353884150364
P00135,SITE02,2024-12-30,0.0,0.05313006649298452,1.8078644348502702
P00135,SITE02,2025-01-06,0.0,2.6971265378990327e-06,1.6230863268964826
P00135,SITE03,2024-12-30,0.0,0.05313006649298452,1.7683981231675017
P00135,SITE03,2025-01-06,0.0,2.6971265378990327e-06,1.626546241021091
P00135,SITE04,2024-12-30,0.0,0.9924226995967171,2.701461956054054
P00135,SITE04,2025-01-06,0.0,0.9933199687048659,2.7538484249547546
P00135,SITE05,2024-12-30,0.0,0.26275256372212086,1.558207520596308
P00135,SITE05,2025-01-06,0.0,2.6971265378990327e-06,1.351760895140445
P00135,SITE06,2024-12-30,0.0,1.146509076336646,2.471628721347607
P00135,SITE06,2025-01-06,0.0,1.1971956144071827,2.508176633236688
P00136,SITE01,2024-12-30,0.0,1.1709869023681723,3.099632032526459
P00136,SITE01,2025-01-06,0.0,1.2548114735602343,3.2788035675994847
P00136,SITE02,2024-12-30,0.0,1.2685977373310107,4.357457510034291
P00136,SITE02,2025-01-06,0.0,1.3463605890944237,4.427201761823534
P00136,SITE03,2024-12-30,0.0,0.8953571120207772,4.704629083137731
P00136,SITE03,2025-01-06,0.0,1.0035952206137106,4.978575138787782
P00136,SITE04,2024-12-30,0.0,1.8153260584158766,3.716870930769463
P00136,SITE04,2025-01-06,0.0,2.0337670882834993,4.002340524713609
P00136,SITE05,2024-12-30,0.0,2.106292218694845,5.438492065559548
P00136,SITE05,2025-01-06,0.0,2.1824464943230115,5.562629634099667
P00136,SITE06,2024-12-30,0.0,1.7585444617881445,5.649632269888565
P00136,SITE06,2025-01-06,0.0,1.8963006239199938,5.754087160949859
P00137,SITE01,2024-12-30,0.9999973028734622,3.5148462937054936,6.368191408897784
P00137,SITE01,2025-01-06,0.9999973028734622,3.5829744536348693,6.363612190818122
P00137,SITE02,2024-12-30,0.9999973028734622,2.8668096466281208,6.010929950896307
P00137,SITE02,2025-01-06,0.9999973028734622,2.9141579155302098,6.058307170460916
P00137,SITE03,2024-12-30,0.0,1.4912153218033712,5.097280690329291
P00137,SITE03,2025-01-06,0.0,1.5055171669039658,5.207405089965422
P00137,SITE04,2024-12-30,0.9999973028734622,6.809753763083195,10.128770340427526
P00137,SITE04,2025-01-06,0.9999973028734622,6.873834484815663,10.189125410627543
P00137,SITE05,2024-12-30,0.0,1.2045094110895995,4.761024121472287
P00137,SITE05,2025-01-06,0.0,1.2382040545548985,4.8810412634218
P00137,SITE06,2024-12-30,0.0,3.073508692025957,8.700747290840248
P00137,SITE06,2025-01-06,0.0,3.1318918299805145,8.939642691728432
P00138,SITE01,2024-12-30,0.0,1.1646915135480116,3.304893472291254
P00138,SITE01,2025-01-06,0.0,1.216538413251231,3.4879860764735096
P00138,SITE02,2024-12-30,0.0,1.0226367506096747,3.1406821943179737
P00138,SITE02,2025-01-06,0.0,1.0488154169486645,3.4070149527698663
P00138,SITE03,2024-12-30,0.0,1.223003488016785,3.1601669218369923
P00138,SITE03,2025-01-06,0.0,1.316240545925187,3.431238952802463
P00138,SITE04,2024-12-30,0.0,3.412609477193445,8.388640887579301
P00138,SITE04,2025-01-06,0.0,3.5479097487070086,8.727753598258612
P00138,SITE05,2024-12-30,0.0,1.3637342250602762,3.307520262978663
P00138,SITE05,2025-01-06,0.0,1.4556596417515597,3.5005813712138796
P00138,SITE06,2024-12-30,0.0,2.4479363942858092,6.602298799952649
P00138,SITE06,2025-01-06,0.0,2.4932490835012,6.750859249034465
P00139,SITE01,2024-12-30,0.0,1.0530362503104058,3.1150814570917174
P00139,SITE01,2025-01-06,0.0,1.1231261831848656,3.275162806535574
P00139,SITE02,2024-12-30,0.0,2.5512589119894264,4.2874242298356045
P00139,SITE02,2025-01-06,0.0,2.7730093092836388,4.443368230892685
P00139,SITE03,2024-12-30,0.0,1.0114432740394086,3.164118410450496
P00139,SITE03,2025-01-06,0.0,1.1208655104905267,3.42086385002421
P00139,SITE04,2024-12-30,0.0,1.4050095610657436,6.060642540628022
P00139,SITE04,2025-01-06,0.0,1.4836688578799009,6.106852277613894
P00139,SITE05,2024-12-30,0.0,0.8317208447019552,3.6727714564012026
P00139,SITE05,2025-01-06,0.0,0.5147065160170361,3.8332745577267717
P00139,SITE06,2024-12-30,0.0,2.177879735750207,6.57258237695019
P00139,SITE06,2025-01-06,0.0,2.3042856180187417,6.748676906220006
P00140,SITE01,2024-12-30,0.0,1.1889604984806958,4.203462004690092
P00140,SITE01,2025-01-06,0.0,1.2516175725310077,4.405282284096433
P00140,SITE02,2024-12-30,0.0,1.3663035590314334,3.849110468349735
P00140,SITE02,2025-01-06,0.0,1.5735993193396203,4.015457721976758
P00140,SITE03,2024-12-30,0.0,1.332954326929724,3.6929331190996386
P00140,SITE03,2025-01-06,0.0,1.4622079403886488,4.001763035301526
P00140,SITE04,2024-12-30,0.9999973028734622,3.869209902123435,9.90309251998651
P00140,SITE04,2025-01-06,0.9999973028734622,3.9879690888464916,10.046733007361475
P00140,SITE05,2024-12-30,0.0,2.162338272311225,4.551359115654534
P00140,SITE05,2025-01-06,0.0,2.5070668868865624,4.8272989955495555
P00140,SITE06,2024-12-30,0.0,0.6025706557905562,5.1273564025138265
P00140,SITE06,2025-01-06,0.0,0.7251919844006428,5.390774582079697
P00141,SITE01,2024-12-30,0.0,1.3522639957383253,4.4742356638058975
P00141,SITE01,2025-01-06,0.0,1.3704664134672093,4.70788000703962
P00141,SITE02,2024-12-30,0.0,1.8121985906977718,4.030026015847856
P00141,SITE02,2025-01-06,0.0,1.8766492520144602,4.23744591826611
P00141,SITE03,2024-12-30,0.0,1.997293437664813,3.8602817741847977
P00141,SITE03,2025-01-06,0.0,2.115329994607388,4.124442062702549
P00141,SITE04,2024-12-30,0.0,3.2732652326823635,8.721011193099143
P00141,SITE04,2025-01-06,0.0,3.3256458171093404,9.00593031268067
P00141,SITE05,2024-12-30,0.0,1.45015306690276,3.7898489701251084
P00141,SITE05,2025-01-06,0.0,1.499750433131105,3.959477046829457
P00141,SITE06,2024-12-30,0.9999973028734622,3.589515956086156,9.756550604920177
P00141,SITE06,2025-01-06,0.9999973028734622,3.609053587033522,9.927264152644318
P00142,SITE01,2024-12-30,0.0,0.5416288004385562,3.3031507003977287
P00142,SITE01,2025-01-06,0.0,0.5700341900503892,3.4271575409995143
P00142,SITE02,2024-12-30,0.0,0.6042905535996129,3.5242645702520323
P00142,SITE02,2025-01-06,0.0,0.040365509626537927,3.4536019214831324
P00142,SITE03,2024-12-30,0.0,0.6815691659902625,4.0940437464710495
P00142,SITE03,2025-01-06,0.0,0.6867074920125484,4.3395173271774015
P00142,SITE04,2024-12-30,0.0,0.14752008497177524,4.176916549639217
P00142,SITE04,2025-01-06,0.0,0.0671860044628962,4.31235772140958
P00142,SITE05,2024-12-30,0.0,0.5927223107275028,4.132749159877677
P00142,SITE05,2025-01-06,0.0,0.66009379872416,4.290489967542257
P00142,SITE06,2024-12-30,0.0,1.0670215495314932,6.611585848980726
P00142,SITE06,2025-01-06,0.0,1.135585319264551,7.257745947829966
P00143,SITE01,2024-12-30,0.0,2.315881001078925,4.542524226319869
P00143,SITE01,2025-01-06,0.0,2.445707376445364,4.521233410375638
P00143,SITE02,2024-12-30,0.0,1.907707017943294,6.0290910960072495
P00143,SITE02,2025-01-06,0.0,2.051638457500449,6.104481193234026
P00143,SITE03,2024-12-30,0.0,2.272792024224568,5.2112416822353715
P00143,SITE03,2025-01-06,0.0,2.345264634425944,5.220546793548847
P00143,SITE04,2024-12-30,0.9999973028734622,4.614836996212225,12.454065220043603
P00143,SITE04,2025-01-06,0.9999973028734622,4.68489092468318,11.731455530788264
P00143,SITE05,2024-12-30,0.9999973028734622,4.765589642337882,8.059555210991372
P00143,SITE05,2025-01-06,0.9999973028734622,4.8352881999094395,8.02465245681
P00143,SITE06,2024-12-30,0.9999973028734622,5.128223814577616,13.200222828847378
P00143,SITE06,2025-01-06,0.9999973028734622,5.215514113392885,13.512892161086544
P00144,SITE01,2024-12-30,0.0,1.7923566289974417,4.068814311717559
P00144,SITE01,2025-01-06,0.0,1.9059860396204698,4.271504588463853
P00144,SITE02,2024-12-30,0.0,0.6164715718598702,4.359056634092455
P00144,SITE02,2025-01-06,0.0,0.738912344701867,4.4447928313070175
P00144,SITE03,2024-12-30,0.0,2.563169975850853,7.6426705093001495
P00144,SITE03,2025-01-06,0.0,2.6895758581193876,7.707908693575857
P00144,SITE04,2024-12-30,0.0,2.1923379301863823,6.374596890441871
P00144,SITE04,2025-01-06,0.0,2.318731132187562,6.50348030343462
P00144,SITE05,2024-12-30,0.0,3.127174502114196,6.020520168110266
P00144,SITE05,2025-01-06,0.0,3.2774294467392004,6.101208298290259
P00144,SITE06,2024-12-30,0.0,3.193682460545504,9.2768616153321
P00144,SITE06,2025-01-06,0.0,3.3160409046171306,9.295568185521242
P00145,SITE01,2024-12-30,0.0,0.2800994179245761,1.9642952461126306
P00145,SITE01,2025-01-06,0.0,0.29008136120696554,1.97378074683665
P00145,SITE02,2024-12-30,0.0,0.04217394267492859,1.821137249791199
P00145,SITE02,2025-01-06,0.0,2.6971265378990327e-06,1.819811372480963
P00145,SITE03,2024-12-30,0.0,0.05853318678695034,1.6666718453012532
P00145,SITE03,2025-01-06,0.0,2.6971265378990327e-06,1.478233795459787
P00145,SITE04,2024-12-30,0.0,0.9285706648506387,2.313491902858165
P00145,SITE04,2025-01-06,0.0,0.928558935855176,2.3068454741955153
P00145,SITE05,2024-12-30,0.0,0.920600742474437,1.904432860796802
P00145,SITE05,2025-01-06,0.0,0.9426489564181989,1.927258761255767
P00145,SITE06,2024-12-30,0.0,0.9745467298984334,2.693715482870573
P00145,SITE06,2025-01-06,0.0,0.9747304132838874,2.70593334179631
P00146,SITE01,2024-12-30,0.0,1.4006789926739527,5.041906796593985
P00146,SITE01,2025-01-06,0.0,1.5808624911311588,5.36195196358512
P00146,SITE02,2024-12-30,0.0,1.1647911811583658,3.531598282637619
P00146,SITE02,2025-01-06,0.0,1.2052168809397674,3.362011379300421
P00146,SITE03,2024-12-30,0.0,1.0230340643529972,2.794568306650337
P00146,SITE03,2025-01-06,0.0,1.0629944871428272,2.7292016656078135
P00146,SITE04,2024-12-30,0.0,2.3615323065217595,6.593223326301899
P00146,SITE04,2025-01-06,0.0,2.523878152147662,6.840712223539799
P00146,SITE05,2024-12-30,0.0,0.6191421697504044,2.669733448667215
P00146,SITE05,2025-01-06,0.0,1.0604068191897635,2.6798022344685557
P00146,SITE06,2024-12-30,0.9999973028734622,2.356105097542139,4.997696521670068
P00146,SITE06,2025-01-06,0.9999973028734622,2.4612471915666654,5.295810190944894
P00147,SITE01,2024-12-30,0.0,0.793145656498691,3.1344099318771157
P00147,SITE01,2025-01-06,0.0,0.793145656498691,3.3063295820935346
P00147,SITE02,2024-12-30,0.0,1.7438965930218526,4.669718020080412
P00147,SITE02,2025-01-06,0.0,1.8220983329091733,4.795302123741915
P00147,SITE03,2024-12-30,0.0,0.8805368892227249,2.842638638205383
P00147,SITE03,2025-01-06,0.0,0.9020617006751644,2.833360688907789
P00147,SITE04,2024-12-30,0.0,2.581683629403363,6.556578758295953
P00147,SITE04,2025-01-06,0.0,2.6599423793202357,6.774290199561669
P00147,SITE05,2024-12-30,0.0,1.6979360359855262,3.516211941300752
P00147,SITE05,2025-01-06,0.0,1.7162991092215127,3.5701414556370366
P00147,SITE06,2024-12-30,0.0,2.41063979762173,5.998866508652289
P00147,SITE06,2025-01-06,0.0,2.4888985475386027,6.290028922335025
P00148,SITE01,2024-12-30,0.0,0.2681556840160867,1.8179336804419242
P00148,SITE01,2025-01-06,0.0,0.4660540129558895,1.7077574739760852
P00148,SITE02,2024-12-30,0.0,0.25144344869090884,1.9933087934561238
P00148,SITE02,2025-01-06,0.0,0.4660540129558895,1.89780180024966
P00148,SITE03,2024-12-30,0.0,0.22449651072845062,2.2680736256298677
P00148,SITE03,2025-01-06,0.0,0.2637786773496736,2.184756578461454
P00148,SITE04,2024-12-30,0.0,1.1711064160849176,3.5664034093725916
P00148,SITE04,2025-01-06,0.0,1.2007875624022448,3.5671302269778375
P00148,SITE05,2024-12-30,0.0,0.3523036644347322,2.1425008009780475
P00148,SITE05,2025-01-06,0.0,0.36516213732614616,2.1014834051794384
P00148,SITE06,2024-12-30,0.0,1.0718175192194332,2.6945125163429626
P00148,SITE06,2025-01-06,0.0,1.0964226592699282,2.770675363140712
P00149,SITE01,2024-12-30,0.9999973028734622,4.521191863178391,8.384166383280487
P00149,SITE01,2025-01-06,0.9999973028734622,4.637784026304109,8.519767603386132
P00149,SITE02,2024-12-30,0.9999973028734622,3.0196909405578714,6.048999843915831
P00149,SITE02,2025-01-06,0.9999973028734622,3.1526773723046793,6.067697259232466
P00149,SITE03,2024-12-30,0.9999973028734622,2.309709501684431,4.81233125256067
P00149,SITE03,2025-01-06,0.9999973028734622,2.4282506098844348,4.902816089182429
P00149,SITE04,2024-12-30,0.0,2.6730033515272145,7.597282190779015
P00149,SITE04,2025-01-06,0.0,2.7794726942917722,7.581053335254405
P00149,SITE05,2024-12-30,0.0,1.2739862607286312,4.700220893082963
P00149,SITE05,2025-01-06,0.0,1.3808599437121984,4.942144186407224
P00149,SITE06,2024-12-30,0.9999973028734622,3.2780433506238587,9.376944777148081
P00149,SITE06,2025-01-06,0.0,3.1175144561068504,9.392693261975282
P00150,SITE01,2024-12-30,0.0,1.7128073680446338,5.135127181147869
P00150,SITE01,2025-01-06,0.0,1.8532914156173927,5.2742300740547465
P00150,SITE02,2024-12-30,0.0,1.1710119414442006,3.2138889867984246
P00150,SITE02,2025-01-06,0.0,1.241815155417201,3.415029708014137
P00150,SITE03,2024-12-30,0.0,1.9627082215423195,5.543893655999373
P00150,SITE03,2025-01-06,0.0,2.1031922691150777,5.575543420181447
P00150,SITE04,2024-12-30,0.0,1.9388705025133979,5.434501444917572
P00150,SITE04,2025-01-06,0.0,2.079771585927169,5.432495417340689
P00150,SITE05,2024-12-30,0.0,1.1170077151717037,5.072696958595681
P00150,SITE05,2025-01-06,0.0,1.3046299893312603,5.152993953158892
P00150,SITE06,2024-12-30,0.0,2.5695228770820226,6.693147864722375
P00150,SITE06,2025-01-06,0.0,2.6298129226850846,6.712102733220314
P00151,SITE01,2024-12-30,0.0,1.1393714686200234,4.09490927635173
P00151,SITE01,2025-01-06,0.0,1.1391062500641191,4.173854031794781
P00151,SITE02,2024-12-30,0.0,1.1520559624254567,4.157808505478521
P00151,SITE02,2025-01-06,0.0,1.151790743869553,4.229636725661197
P00151,SITE03,2024-12-30,0.0,1.1815891940026677,4.0814408694890085
P00151,SITE03,2025-01-06,0.0,1.1641092960617951,4.112043665405439
P00151,SITE04,2024-12-30,0.0,1.1871119039869091,3.3285471684431194
P00151,SITE04,2025-01-06,0.0,1.2130048067407286,3.336843355167104
P00151,SITE05,2024-12-30,0.0,1.1018013661394086,2.764826869925551
P00151,SITE05,2025-01-06,0.0,1.10389012327995,2.7935841648590407
P00151,SITE06,2024-12-30,0.9999973028734622,3.1625372131178975,8.465160937666518
P00151,SITE06,2025-01-06,0.9999973028734622,3.2323842157962734,8.544114242338761
P00152,SITE01,2024-12-30,0.0,0.9705456940676107,2.477217016308352
P00152,SITE01,2025-01-06,0.0,0.08799050962653807,2.3082173840018068
P00152,SITE02,2024-12-30,0.0,0.7064951823363284,2.102958108391788
P00152,SITE02,2025-01-06,0.0,0.08799050962653807,1.9410645540353961
P00152,SITE03,2024-12-30,0.0,0.5035474301030712,2.2892487572756592
P00152,SITE03,2025-01-06,0.0,0.04594968204697786,2.354248335104084
P00152,SITE04,2024-12-30,0.0,0.7134601717124551,2.79339009564654
P00152,SITE04,2025-01-06,0.0,0.7396271090559825,2.853037954696955
P00152,SITE05,2024-12-30,0.0,0.9705456940676107,2.0948182017364005
P00152,SITE05,2025-01-06,0.0,0.08799050962653807,1.932924647380009
P00152,SITE06,2024-12-30,0.0,0.794690106310146,3.7250855413211954
P00152,SITE06,2025-01-06,0.0,0.8708687726491361,3.8236994401497277
P00153,SITE01,2024-12-30,0.0,1.054878321133439,4.126658915822375
P00153,SITE01,2025-01-06,0.0,1.054878321133439,4.098862025360509
P00153,SITE02,2024-12-30,0.0,1.6326199392478105,3.8009409059286887
P00153,SITE02,2025-01-06,0.0,1.7064075404902554,3.7475065633829607
P00153,SITE03,2024-12-30,0.0,1.0489808424604474,3.249219378250562
P00153,SITE03,2025-01-06,0.0,1.0489571070123427,3.2547567772144803
P00153,SITE04,2024-12-30,0.0,2.2142900913050947,5.113677359358635
P00153,SITE04,2025-01-06,0.0,2.2499522482928587,5.285083596299828
P00153,SITE05,2024-12-30,0.0,1.6689908229052468,3.9089030810313017
P00153,SITE05,2025-01-06,0.0,1.7287494950450142,3.8513535120175697
P00153,SITE06,2024-12-30,0.0,3.0845572933677525,6.301123123731218
P00153,SITE06,2025-01-06,0.0,3.108662775604655,6.561991150020433
P00154,SITE01,2024-12-30,0.0,3.2758287175359415,9.921492390430492
P00154,SITE01,2025-01-06,0.9999973028734622,3.6970806644012493,9.837190906452047
P00154,SITE02,2024-12-30,0.0,1.9646010300265964,6.422582135742739
P00154,SITE02,2025-01-06,0.0,2.0432663603115433,6.66565759307988
P00154,SITE03,2024-12-30,0.0,2.8237760330166,5.383972122283218
P00154,SITE03,2025-01-06,0.0,2.9766130193589793,5.369981738923664
P00154,SITE04,2024-12-30,0.9999973028734622,5.422290192605348,14.418487595225034
P00154,SITE04,2025-01-06,0.9999973028734622,5.49846228410854,14.095783521042526
P00154,SITE05,2024-12-30,0.0,2.4575837841474493,6.856880170763098
P00154,SITE05,2025-01-06,0.0,2.5384597918205505,6.833632071245083
P00154,SITE06,2024-12-30,0.0,3.3837314244534746,8.849418389565868
P00154,SITE06,2025-01-06,0.0,3.468654870323484,8.835946878495065
P00155,SITE01,2024-12-30,0.0,0.9732708341059333,2.519976872813337
P00155,SITE01,2025-01-06,0.0,0.9735681698861005,2.530255607453794
P00155,SITE02,2024-12-30,0.0,0.9301764564666356,1.845613350080984
P00155,SITE02,2025-01-06,0.0,0.9563551228056256,1.8933620207174386
P00155,SITE03,2024-12-30,0.0,0.9225486935492084,2.4779805620336695
P00155,SITE03,2025-01-06,0.0,0.932685702860867,2.519789070716732
P00155,SITE04,2024-12-30,0.0,1.0254707356415889,2.2794747431168503
P00155,SITE04,2025-01-06,0.0,1.023069697424305,2.3016872759141176
P00155,SITE05,2024-12-30,0.0,0.9478573472902214,2.4129432666094544
P00155,SITE05,2025-01-06,0.0,0.9481546830703884,2.4381352744968696
P00155,SITE06,2024-12-30,0.0,1.5931405709035895,4.9045486998059875
P00155,SITE06,2025-01-06,0.0,1.625058665203995,5.033692372404168
P00156,SITE01,2024-12-30,0.0,1.843348187804742,5.800440171800626
P00156,SITE01,2025-01-06,0.0,1.878943319523003,6.01243829649174
P00156,SITE02,2024-12-30,0.0,3.079134266699877,8.838444866085684
P00156,SITE02,2025-01-06,0.0,3.127919857725356,9.039509915463537
P00156,SITE03,2024-12-30,0.0,2.2417842181011225,4.279637363993496
P00156,SITE03,2025-01-06,0.0,2.319626190726659,4.381471256520503
P00156,SITE04,2024-12-30,0.9999973028734622,3.8787085593642074,10.274234779231678
P00156,SITE04,2025-01-06,0.9999973028734622,3.9203144711782136,10.40350803224029
P00156,SITE05,2024-12-30,0.0,1.944973903039514,5.7442287052246
P00156,SITE05,2025-01-06,0.0,1.9790501087635342,5.9257298594841386
P00156,SITE06,2024-12-30,0.9999973028734622,5.895566192956623,10.26704622917609
P00156,SITE06,2025-01-06,0.9999973028734622,5.9573556962936385,10.488443216471632
P00157,SITE01,2024-12-30,0.0,0.6286509762749538,3.25141820767618
P00157,SITE01,2025-01-06,0.0,0.15845543996914285,3.433402633382995
P00157,SITE02,2024-12-30,0.0,1.224717319406055,3.3674045764697778
P00157,SITE02,2025-01-06,0.0,1.2671517323929344,3.541606295569819
P00157,SITE03,2024-12-30,0.0,1.4360783580921128,4.984509231288774
P00157,SITE03,2025-01-06,0.0,1.5442767143954186,5.1799399918148366
P00157,SITE04,2024-12-30,0.0,1.0617113040785489,4.410749359705491
P00157,SITE04,2025-01-06,0.0,1.1175213522555452,4.621391728027502
P00157,SITE05,2024-12-30,0.0,1.114004737936214,3.095469550033918
P00157,SITE05,2025-01-06,0.0,1.1440747498319737,3.087739709131074
P00157,SITE06,2024-12-30,0.0,2.4304467242253813,4.973686749900776
P00157,SITE06,2025-01-06,0.0,2.6591255902335287,5.133547175253424
P00158,SITE01,2024-12-30,0.0,1.016468090608033,3.337427839883822
P00158,SITE01,2025-01-06,0.0,1.0304362804664142,3.40352894592111
P00158,SITE02,2024-12-30,0.0,1.0425271090860657,3.858309061682988
P00158,SITE02,2025-01-06,0.0,1.04271079247152,4.006798205359164
P00158,SITE03,2024-12-30,0.0,1.111667856651124,3.0300775096258232
P00158,SITE03,2025-01-06,0.0,1.1280032302292824,3.150293005687761
P00158,SITE04,2024-12-30,0.0,2.642979491423061,6.838691920480934
P00158,SITE04,2025-01-06,0.0,2.6885996295303896,6.958573126749259
P00158,SITE05,2024-12-30,0.0,0.8663569375136154,4.069602775004373
P00158,SITE05,2025-01-06,0.0,0.8925356038526054,4.166275488483487
P00158,SITE06,2024-12-30,0.0,3.124656822355866,8.293245940026477
P00158,SITE06,2025-01-06,0.0,3.166242202533641,8.56836501478995
P00159,SITE01,2024-12-30,0.0,1.8947175583175802,5.869116688490155
P00159,SITE01,2025-01-06,0.0,1.9661656026329957,6.05402773504971
P00159,SITE02,2024-12-30,0.0,1.320851907289463,4.683535498504575
P00159,SITE02,2025-01-06,0.0,1.3390543250183469,4.890164288632302
P00159,SITE03,2024-12-30,0.0,0.7950175708492242,3.49183431305215
P00159,SITE03,2025-01-06,0.0,0.7950175708492242,3.74583496224385
P00159,SITE04,2024-12-30,0.9999973028734622,3.038762748134611,7.982025767990708
P00159,SITE04,2025-01-06,0.9999973028734622,3.0736348262594277,8.076874677626448
P00159,SITE05,2024-12-30,0.0,1.5049261596014096,5.180520306364263
P00159,SITE05,2025-01-06,0.0,1.5488330989253636,5.538330500783447
P00159,SITE06,2024-12-30,0.0,1.4611468574221822,4.045763071940434
P00159,SITE06,2025-01-06,0.0,1.510744223650527,4.165210731806266
P00160,SITE01,2024-12-30,0.0,1.1317871519327354,3.560758149536078
P00160,SITE01,2025-01-06,0.0,1.1903967877861392,3.66810994134273
P00160,SITE02,2024-12-30,0.0,0.9339498030225294,3.4891667006536804
P00160,SITE02,2025-01-06,0.0,0.9491068770728414,3.6770027217173284
P00160,SITE03,2024-12-30,0.0,0.8423180773947551,3.4860180427021596
P00160,SITE03,2025-01-06,0.0,0.8927150539440875,3.462349039791103
P00160,SITE04,2024-12-30,0.9999973028734622,2.9214092889721734,7.798669256273727
P00160,SITE04,2025-01-06,0.0,2.758112203293906,7.860359659666372
P00160,SITE05,2024-12-30,0.0,1.3925523918154668,3.3605177273214797
P00160,SITE05,2025-01-06,0.0,1.6173498104202502,3.5704356286913774
P00160,SITE06,2024-12-30,0.0,1.3386500607349714,3.490024190623314
P00160,SITE06,2025-01-06,0.0,1.5350581367118805,3.6726196190850797
P00161,SITE01,2024-12-30,0.0,0.2665606577151646,1.5504823259329237
P00161,SITE01,2025-01-06,0.0,2.6971265378990327e-06,1.3915680960756116
P00161,SITE02,2024-12-30,0.0,0.056938160486028226,1.2496793590755861
P00161,SITE02,2025-01-06,0.0,2.6971265378990327e-06,1.089490524982452
P00161,SITE03,2024-12-30,0.0,0.2665606577151646,1.1532436200822713
P00161,SITE03,2025-01-06,0.0,2.6971265378990327e-06,1.0177288782181582
P00161,SITE04,2024-12-30,0.0,0.25020141360314296,1.4953577269787843
P00161,SITE04,2025-01-06,0.0,2.6971265378990327e-06,1.4153699025378272
P00161,SITE05,2024-12-30,0.0,0.05442166480148882,1.3382463963248845
P00161,SITE05,2025-01-06,0.0,2.6971265378990327e-06,1.1723691172089052
P00161,SITE06,2024-12-30,0.0,0.2665606577151646,1.4358237100776712
P00161,SITE06,2025-01-06,0.0,2.6971265378990327e-06,1.2974526742380788
P00162,SITE01,2024-12-30,0.0,0.9360521175784464,3.6513510813763768
P00162,SITE01,2025-01-06,0.0,0.9669870339174365,3.845763951814811
P00162,SITE02,2024-12-30,0.0,0.9174041732561292,3.0756232518973503
P00162,SITE02,2025-01-06,0.0,0.9435828395951192,3.293088773277909
P00162,SITE03,2024-12-30,0.0,1.406604024140745,3.639599701147163
P00162,SITE03,2025-01-06,0.0,1.461146097674147,3.7722186032851828
P00162,SITE04,2024-12-30,0.0,2.8153933075614535,7.610603674979825
P00162,SITE04,2025-01-06,0.0,2.951804682220031,7.764717227474474
P00162,SITE05,2024-12-30,0.0,1.44817323314843,3.688087826773452
P00162,SITE05,2025-01-06,0.0,1.5027153066818322,3.8106126859065976
P00162,SITE06,2024-12-30,0.0,1.499870139042456,5.438601486912731
P00162,SITE06,2025-01-06,0.0,1.5558583037275209,5.5458837479071414
P00163,SITE01,2024-12-30,0.0,1.9250801314297876,6.028741900519541
P00163,SITE01,2025-01-06,0.0,1.9526212364212492,6.131553167280838
P00163,SITE02,2024-12-30,0.0,1.46275137151527,4.969934305977416
P00163,SITE02,2025-01-06,0.0,1.49099621804893,5.103196612501059
P00163,SITE03,2024-12-30,0.0,2.381296642070069,6.57326600059287
P00163,SITE03,2025-01-06,0.0,2.416536660604974,6.53828028849857
P00163,SITE04,2024-12-30,0.0,3.8996287269242136,9.627771605700428
P00163,SITE04,2025-01-06,0.0,3.9331934007697167,9.909531588798487
P00163,SITE05,2024-12-30,0.0,1.097490104481109,3.706842642822663
P00163,SITE05,2025-01-06,0.0,1.1236627628940135,3.7446443195614436
P00163,SITE06,2024-12-30,0.9999973028734622,4.750869674478777,12.086018314031937
P00163,SITE06,2025-01-06,0.9999973028734622,4.775695674224821,12.134776068613801
P00164,SITE01,2024-12-30,0.0,1.4607163712128055,4.162936053759336
P00164,SITE01,2025-01-06,0.0,1.4607163712128055,4.174261220644016
P00164,SITE02,2024-12-30,0.0,0.5310735009102469,3.1521880944721046
P00164,SITE02,2025-01-06,0.0,0.5304670842206048,3.1320884913210114
P00164,SITE03,2024-12-30,0.0,1.4455479587657534,3.1312150864171224
P00164,SITE03,2025-01-06,0.0,1.4609962391557838,3.332749645379713
P00164,SITE04,2024-12-30,0.0,2.6556153232785285,6.613456609381906
P00164,SITE04,2025-01-06,0.0,2.645266295022295,7.049884480553644
P00164,SITE05,2024-12-30,0.0,2.033941447871415,3.9448494663579403
P00164,SITE05,2025-01-06,0.0,2.082961113220569,4.107949325591658
P00164,SITE06,2024-12-30,0.0,1.8216396868956868,4.594466711535378
P00164,SITE06,2025-01-06,0.0,1.8209191693865479,4.544658906781758
P00165,SITE01,2024-12-30,0.0,1.526747837251153,3.6529278043284976
P00165,SITE01,2025-01-06,0.0,1.7233719164609125,4.103225526557053
P00165,SITE02,2024-12-30,0.0,0.9186341752500045,3.6772053316447715
P00165,SITE02,2025-01-06,0.0,0.1379905096265378,3.8393205185839903
P00165,SITE03,2024-12-30,0.0,1.0776369064128066,2.9628165366333246
P00165,SITE03,2025-01-06,0.0,1.0767885923759444,2.943739170379168
P00165,SITE04,2024-12-30,0.0,1.6966249438557908,3.8472572437209793
P00165,SITE04,2025-01-06,0.0,1.9293877633886933,4.22735646394635
P00165,SITE05,2024-12-30,0.0,1.1790292271974003,3.7791289555960015
P00165,SITE05,2025-01-06,0.0,1.225048679796343,3.5547555458961666
P00165,SITE06,2024-12-30,0.0,1.5749940103142603,5.068705751390674
P00165,SITE06,2025-01-06,0.0,1.7317474620915267,5.3968640437013535
P00166,SITE01,2024-12-30,0.0,0.4638493896011724,2.8576428732967205
P00166,SITE01,2025-01-06,0.0,0.48967836849649915,2.9348701309716634
P00166,SITE02,2024-12-30,0.0,0.739609056354976,2.5165336445632898
P00166,SITE02,2025-01-06,0.0,0.040365509626537927,2.3786264800180095
P00166,SITE03,2024-12-30,0.0,0.7609744227340609,2.4877529499450777
P00166,SITE03,2025-01-06,0.0,0.040365509626537927,2.38712445758626
P00166,SITE04,2024-12-30,0.0,0.8937244060723616,4.616146675750124
P00166,SITE04,2025-01-06,0.0,0.9817922060841598,4.9359505387164875
P00166,SITE05,2024-12-30,0.0,0.48092486957280256,2.6623664825644626
P00166,SITE05,2025-01-06,0.0,0.05259697952050887,2.716994816079467
P00166,SITE06,2024-12-30,0.0,0.555256793352025,3.277051818211822
P00166,SITE06,2025-01-06,0.0,0.045235773177369244,3.2922459780174678
P00167,SITE01,2024-12-30,0.0,0.7435635724596551,3.7304432301795285
P00167,SITE01,2025-01-06,0.0,0.74442107467642,3.7552912503381095
P00167,SITE02,2024-12-30,0.0,0.10356027386172237,4.025020754807153
P00167,SITE02,2025-01-06,0.0,0.16307671295185405,4.091714305175594
P00167,SITE03,2024-12-30,0.0,0.03823279992326469,3.6332813596285862
P00167,SITE03,2025-01-06,0.0,0.08339429213299927,3.4829124855993454
P00167,SITE04,2024-12-30,0.0,0.14842541142358326,4.3463311945742085
P00167,SITE04,2025-01-06,0.0,0.2656512289379349,4.42996081148541
P00167,SITE05,2024-12-30,0.0,0.24828407857400447,4.352276946140714
P00167,SITE05,2025-01-06,0.0,0.25816598470714236,4.351896711478093
P00167,SITE06,2024-12-30,0.9999973028734622,1.485711685752477,8.285761605779717
P00167,SITE06,2025-01-06,0.9999973028734622,1.485711685752477,7.9716303102349535
P00168,SITE01,2024-12-30,0.0,0.0327482130888332,1.221773506943383
P00168,SITE01,2025-01-06,0.0,2.6971265378990327e-06,1.071577304214167
P00168,SITE02,2024-12-30,0.0,0.0327482130888332,1.3589573214332995
P00168,SITE02,2025-01-06,0.0,2.6971265378990327e-06,1.215403652079118
P00168,SITE03,2024-12-30,0.0,0.0327482130888332,1.639876557970141
P00168,SITE03,2025-01-06,0.0,2.6971265378990327e-06,1.4832054171113767
P00168,SITE04,2024-12-30,0.0,0.9866938254536801,2.3424816188085
P00168,SITE04,2025-01-06,0.0,0.9826463872567719,2.3381287555105446
P00168,SITE05,2024-12-30,0.0,0.03023171740429381,1.1483470329334429
P00168,SITE05,2025-01-06,0.0,2.6971265378990327e-06,1.0079560549463238
P00168,SITE06,2024-12-30,0.0,0.0327482130888332,1.7561088414840182
P00168,SITE06,2025-01-06,0.0,2.6971265378990327e-06,1.6103100011440812
P00169,SITE01,2024-12-30,0.0,2.280747690109213,4.428118218007922
P00169,SITE01,2025-01-06,0.0,2.346397154162116,4.512009949502778
P00169,SITE02,2024-12-30,0.0,0.9791331229154039,3.041235318958343
P00169,SITE02,2025-01-06,0.0,1.0051163065041986,3.2031106448242093
P00169,SITE03,2024-12-30,0.0,1.374473434438137,4.795164023351976
P00169,SITE03,2025-01-06,0.0,1.3833262795745789,4.7185330824634795
P00169,SITE04,2024-12-30,0.0,1.4731626558827735,3.551367178331241
P00169,SITE04,2025-01-06,0.0,1.5272999466066832,3.6364419247381132
P00169,SITE05,2024-12-30,0.0,1.0125330578320233,3.844377797449245
P00169,SITE05,2025-01-06,0.0,1.0125330578320233,4.163518695472858
P00169,SITE06,2024-12-30,0.0,1.068238670451183,3.4594217506838776
P00169,SITE06,2025-01-06,0.0,1.094221854039977,3.5317051033760847
P00170,SITE01,2024-12-30,0.0,1.0548471769887873,4.39094895915294
P00170,SITE01,2025-01-06,0.0,1.0673751538477911,4.556858255608038
P00170,SITE02,2024-12-30,0.0,2.1940622044008142,6.392465463912563
P00170,SITE02,2025-01-06,0.0,2.320001070335344,6.510213111753405
P00170,SITE03,2024-12-30,0.0,1.3060826006143362,3.992357502067512
P00170,SITE03,2025-01-06,0.0,1.396531894965874,4.236770521187182
P00170,SITE04,2024-12-30,0.9999973028734622,5.536536189011536,14.043490172803935
P00170,SITE04,2025-01-06,0.9999973028734622,5.709455575054874,13.781206789364417
P00170,SITE05,2024-12-30,0.0,2.0618443999013834,4.530423885690458
P00170,SITE05,2025-01-06,0.0,2.2393984248048486,4.784708626396271
P00170,SITE06,2024-12-30,0.0,1.4671016514785953,5.703535971639129
P00170,SITE06,2025-01-06,0.0,1.5261427676096948,5.755848127541634
P00171,SITE01,2024-12-30,0.0,1.1353352186651904,4.286998843399566
P00171,SITE01,2025-01-06,0.0,1.1353352186651904,4.371990708361587
P00171,SITE02,2024-12-30,0.0,0.6786732690901028,3.0121068621238476
P00171,SITE02,2025-01-06,0.0,0.7013363594677328,3.1116177733590504
P00171,SITE03,2024-12-30,0.0,0.8676427688439098,2.7996967734700697
P00171,SITE03,2025-01-06,0.0,0.8943733505070409,2.9763385990167914
P00171,SITE04,2024-12-30,0.0,0.7665599225228472,5.19149108950872
P00171,SITE04,2025-01-06,0.0,0.8250156361976193,5.400231482966051
P00171,SITE05,2024-12-30,0.0,0.7090894984798436,2.5244129450961585
P00171,SITE05,2025-01-06,0.0,0.7318268692627241,2.7268823445474917
P00171,SITE06,2024-12-30,0.0,1.3155765124150192,4.926460888597788
P00171,SITE06,2025-01-06,0.0,1.3752198555830144,5.0715835920689605
P00172,SITE01,2024-12-30,0.0,0.8316181902070694,2.296187745304909
P00172,SITE01,2025-01-06,0.0,0.040365509626537927,2.2099007082135955
P00172,SITE02,2024-12-30,0.0,0.7620038169271935,2.0409786459195622
P00172,SITE02,2025-01-06,0.0,0.040365509626537927,1.8002348502208039
P00172,SITE03,2024-12-30,0.0,0.2771263330215489,2.4019386310199087
P00172,SITE03,2025-01-06,0.0,0.24627085650205513,2.4538119963688154
P00172,SITE04,2024-12-30,0.0,0.05967343737344271,3.1011902759727272
P00172,SITE04,2025-01-06,0.0,0.10914427634865581,3.2811458783847476
P00172,SITE05,2024-12-30,0.0,0.5498648240135174,2.324090774392767
P00172,SITE05,2025-01-06,0.0,0.040365509626537927,2.1554288804464976
P00172,SITE06,2024-12-30,0.0,0.8143573865596794,3.306726473291505
P00172,SITE06,2025-01-06,0.0,0.8286592316602732,3.4992254207317175
P00173,SITE01,2024-12-30,0.0,2.5187340200966952,6.20882070791174
P00173,SITE01,2025-01-06,0.0,2.625203362861254,6.267792464112355
P00173,SITE02,2024-12-30,0.0,1.284245248530303,3.2202061888522313
P00173,SITE02,2025-01-06,0.0,1.3906933236624688,3.422869895237176
P00173,SITE03,2024-12-30,0.0,1.6925867019506857,3.6547761605418025
P00173,SITE03,2025-01-06,0.0,1.863628808915817,3.7336544862461385
P00173,SITE04,2024-12-30,0.0,2.6317103914555173,6.5268156888119515
P00173,SITE04,2025-01-06,0.0,2.736800322648947,6.626861332463563
P00173,SITE05,2024-12-30,0.0,1.1117336598817824,4.019465944432997
P00173,SITE05,2025-01-06,0.0,1.20509565322539,4.174560927484606
P00173,SITE06,2024-12-30,0.0,3.502128549075985,5.954857638016507
P00173,SITE06,2025-01-06,0.0,3.6722238629561477,6.074698099332455
P00174,SITE01,2024-12-30,0.0,0.8150921861630412,2.575351278182684
P00174,SITE01,2025-01-06,0.0,0.040365509626537927,2.5320229958044336
P00174,SITE02,2024-12-30,0.0,0.6029531932493651,3.019844992022268
P00174,SITE02,2025-01-06,0.0,0.040365509626537927,2.919367602022474
P00174,SITE03,2024-12-30,0.0,0.6029531932493651,3.3785230639122696
P00174,SITE03,2025-01-06,0.0,0.040365509626537927,3.3089544644634277
P00174,SITE04,2024-12-30,0.0,0.15277991462686016,4.235807655068362
P00174,SITE04,2025-01-06,0.0,0.10091901839055127,4.341807720977064
P00174,SITE05,2024-12-30,0.0,0.672567566529241,2.409754983753861
P00174,SITE05,2025-01-06,0.0,0.040365509626537927,2.5548396079631903
P00174,SITE06,2024-12-30,0.0,0.6029531932493651,3.629751348649091
P00174,SITE06,2025-01-06,0.0,0.040365509626537927,3.7556505715906696
P00175,SITE01,2024-12-30,0.0,2.745802369284936,7.470382544585847
P00175,SITE01,2025-01-06,0.0,2.817898380568753,7.707435079190772
P00175,SITE02,2024-12-30,0.9999973028734622,3.8345000433687577,6.724665993598323
P00175,SITE02,2025-01-06,0.9999973028734622,3.9502879276575014,6.69888359015574
P00175,SITE03,2024-12-30,0.9999973028734622,4.584861530388195,8.308305108277102
P00175,SITE03,2025-01-06,0.9999973028734622,4.685248177314481,8.37058650436504
P00175,SITE04,2024-12-30,0.9999973028734622,7.6448141488807115,19.355681386219647
P00175,SITE04,2025-01-06,0.9999973028734622,7.815446049016525,19.895410510026334
P00175,SITE05,2024-12-30,0.0,2.8951928239503464,5.222588476637893
P00175,SITE05,2025-01-06,0.0,3.002413298894653,5.18142720684509
P00175,SITE06,2024-12-30,0.9999973028734622,5.04311179510102,11.592491815382166
P00175,SITE06,2025-01-06,0.9999973028734622,5.067937794847064,11.675797175799573
P00176,SITE01,2024-12-30,0.0,1.702134648362366,5.424148867697586
P00176,SITE01,2025-01-06,0.0,1.7330659328044655,5.544701703267955
P00176,SITE02,2024-12-30,0.0,3.400854835929731,8.418596083487879
P00176,SITE02,2025-01-06,0.0,3.4249941361655485,8.45092092370371
P00176,SITE03,2024-12-30,0.0,2.258875146360045,6.660216118856218
P00176,SITE03,2025-01-06,0.0,2.3059779283220028,6.661443859497708
P00176,SITE04,2024-12-30,0.9999973028734622,3.88814351357402,10.726617185748172
P00176,SITE04,2025-01-06,0.9999973028734622,3.95282307614644,10.767972049955087
P00176,SITE05,2024-12-30,0.0,1.9259558166913204,4.286888286856096
P00176,SITE05,2025-01-06,0.0,1.9685289487172102,4.366756473653628
P00176,SITE06,2024-12-30,0.9999973028734622,4.582944909822434,11.943650301336737
P00176,SITE06,2025-01-06,0.9999973028734622,4.636128572018663,12.01110681040911
P00177,SITE01,2024-12-30,0.0,0.6217393512278482,5.091939941398653
P00177,SITE01,2025-01-06,0.0,0.7480504281863574,5.249005132842657
P00177,SITE02,2024-12-30,0.0,0.06341504209791948,5.157023738247525
P00177,SITE02,2025-01-06,0.0,0.052610575229144044,4.763728317153782
P00177,SITE03,2024-12-30,0.0,0.19807999535540305,4.822488883252217
P00177,SITE03,2025-01-06,0.0,0.1862520091819857,4.658388134818331
P00177,SITE04,2024-12-30,0.0,0.22248683319064388,4.672190777742831
P00177,SITE04,2025-01-06,0.0,0.24665576340997225,4.700361455197672
P00177,SITE05,2024-12-30,0.0,0.6191150204451699,4.6210112779989405
P00177,SITE05,2025-01-06,0.0,0.6657639303107248,4.346446418424347
P00177,SITE06,2024-12-30,0.0,0.10926001316065533,4.669374857817056
P00177,SITE06,2025-01-06,0.0,0.11382078041045947,4.501434373104325
P00178,SITE01,2024-12-30,0.9999973028734622,2.6621192376787888,4.964893685575986
P00178,SITE01,2025-01-06,0.9999973028734622,2.7151863412248503,4.976390346804989
P00178,SITE02,2024-12-30,0.0,1.6901964523359976,4.564325844893233
P00178,SITE02,2025-01-06,0.0,1.696702115726539,4.8298969480033564
P00178,SITE03,2024-12-30,0.0,1.50527517392965,3.848291551556116
P00178,SITE03,2025-01-06,0.0,1.5181697879616265,3.875589503514243
P00178,SITE04,2024-12-30,0.9999973028734622,5.8345969753302205,13.812856277468454
P00178,SITE04,2025-01-06,0.9999973028734622,5.937323830102414,13.907876461737102
P00178,SITE05,2024-12-30,0.0,1.1228991821703698,3.5723843736656753
P00178,SITE05,2025-01-06,0.0,1.1249879393109108,3.5806097526023675
P00178,SITE06,2024-12-30,0.0,3.507906584297746,9.047666988786636
P00178,SITE06,2025-01-06,0.0,3.5320120665346484,9.298676076906291
P00179,SITE01,2024-12-30,0.0,0.6255233080483832,3.114168277499786
P00179,SITE01,2025-01-06,0.0,0.6730263564138059,3.2555097508536828
P00179,SITE02,2024-12-30,0.0,0.9406904165473927,3.276839403929601
P00179,SITE02,2025-01-06,0.0,0.040365509626537927,3.237860713467206
P00179,SITE03,2024-12-30,0.0,0.9406904165473927,2.7738129624768306
P00179,SITE03,2025-01-06,0.0,0.040365509626537927,2.811407287907564
P00179,SITE04,2024-12-30,0.0,0.5873321346901251,3.68441603389385
P00179,SITE04,2025-01-06,0.0,0.5957508857923377,3.765084941528722
P00179,SITE05,2024-12-30,0.0,0.1732197670536689,3.349505736853401
P00179,SITE05,2025-01-06,0.0,0.15760146064521033,3.5855389392534587
P00179,SITE06,2024-12-30,0.0,0.883601553146609,4.065742770983169
P00179,SITE06,2025-01-06,0.0,0.9561601001192384,4.495406868187788
P00180,SITE01,2024-12-30,0.0,1.2734316671948047,3.2693932308205795
P00180,SITE01,2025-01-06,0.0,1.4070657350912588,3.524001555177575
P00180,SITE02,2024-12-30,0.0,1.1523802321501948,3.2842363309858342
P00180,SITE02,2025-01-06,0.0,1.2577461436086972,3.4937358137363046
P00180,SITE03,2024-12-30,0.0,0.5605610459323486,3.670445950245858
P00180,SITE03,2025-01-06,0.0,0.040365509626537927,3.6971760329873007
P00180,SITE04,2024-12-30,0.0,0.9170695555205011,3.7713188988115065
P00180,SITE04,2025-01-06,0.0,0.9619969518349516,3.895458771930548
P00180,SITE05,2024-12-30,0.0,0.9682760083826085,3.8359153904300856
P00180,SITE05,2025-01-06,0.0,1.0107058972000376,4.071187015076999
P00180,SITE06,2024-12-30,0.0,2.4594594106003336,6.686782411850903
P00180,SITE06,2025-01-06,0.0,2.5600916198400063,6.859149344824057
P00181,SITE01,2024-12-30,0.0,2.306819764785157,6.510164606014639
P00181,SITE01,2025-01-06,0.0,2.3303261118470653,6.659556488071537
P00181,SITE02,2024-12-30,0.9999973028734622,3.0148912516893267,5.839257250229951
P00181,SITE02,2025-01-06,0.9999973028734622,3.084588153939137,5.888596624871784
P00181,SITE03,2024-12-30,0.0,1.2617729998089433,4.419244985865116
P00181,SITE03,2025-01-06,0.0,1.2598684383035659,4.483979086562487
P00181,SITE04,2024-12-30,0.0,1.4830172861494944,7.280176104355049
P00181,SITE04,2025-01-06,0.0,1.556899046757424,7.641944532547359
P00181,SITE05,2024-12-30,0.0,1.1731854469165794,3.9449020386701372
P00181,SITE05,2025-01-06,0.0,1.1675488462620836,4.048791640826843
P00181,SITE06,2024-12-30,0.0,1.910855275237141,6.8225080884169325
P00181,SITE06,2025-01-06,0.0,1.9343616222990494,7.168334194895843
P00182,SITE01,2024-12-30,0.0,0.4623468783873299,2.608452770324959
P00182,SITE01,2025-01-06,0.0,0.4845759448380863,2.6556116140356565
P00182,SITE02,2024-12-30,0.0,2.3386634543826075,4.275917499408783
P00182,SITE02,2025-01-06,0.0,2.3876831197317623,4.330976479463983
P00182,SITE03,2024-12-30,0.0,0.05808491022245845,2.8507998435783244
P00182,SITE03,2025-01-06,0.0,0.10755574919767154,2.8697214134561726
P00182,SITE04,2024-12-30,0.0,1.5230151686726345,3.5354177955482546
P00182,SITE04,2025-01-06,0.0,1.533568270260084,3.599995303334021
P00182,SITE05,2024-12-30,0.0,0.4703465658704084,3.9105883617251362
P00182,SITE05,2025-01-06,0.0,0.4979259663896975,4.024902956244179
P00182,SITE06,2024-12-30,0.0,0.41940150984732166,2.844799455102358
P00182,SITE06,2025-01-06,0.0,0.4205876727309788,2.876100494102869
P00183,SITE01,2024-12-30,0.0,0.9637421731540661,2.7327456300569284
P00183,SITE01,2025-01-06,0.0,0.9642231923196873,2.744796826992995
P00183,SITE02,2024-12-30,0.0,0.9158708414228829,2.505616263861571
P00183,SITE02,2025-01-06,0.0,0.9420495077618729,2.5299461088187156
P00183,SITE03,2024-12-30,0.0,0.9524142803519633,2.127392960874426
P00183,SITE03,2025-01-06,0.0,0.9785929466909533,2.1491918098097473
P00183,SITE04,2024-12-30,0.0,1.0032047253043848,3.010693605007071
P00183,SITE04,2025-01-06,0.0,1.0027830344390507,3.046084148192129
P00183,SITE05,2024-12-30,0.0,0.9333927094897183,2.5277280959561446
P00183,SITE05,2025-01-06,0.0,0.9595713758287083,2.539779292892211
P00183,SITE06,2024-12-30,0.0,1.0053863689225873,3.0307968867457515
P00183,SITE06,2025-01-06,0.0,1.005570052308041,3.067069050033355
P00184,SITE01,2024-12-30,0.0,1.3359146843414513,3.6506976191252094
P00184,SITE01,2025-01-06,0.0,1.3540337441725065,3.762330401377724
P00184,SITE02,2024-12-30,0.0,1.5462085696061343,5.038990852740439
P00184,SITE02,2025-01-06,0.0,1.57049568155136,5.084381452602506
P00184,SITE03,2024-12-30,0.0,0.7109867965754583,4.468043693218749
P00184,SITE03,2025-01-06,0.0,0.7098634625754036,4.522420165429404
P00184,SITE04,2024-12-30,0.9999973028734622,4.073248964092032,10.3281973643357
P00184,SITE04,2025-01-06,0.9999973028734622,4.0980749638380765,10.483061265146866
P00184,SITE05,2024-12-30,0.0,1.336843605374011,4.685139332868663
P00184,SITE05,2025-01-06,0.0,1.332796167177103,5.107783303378564
P00184,SITE06,2024-12-30,0.9999973028734622,4.156986720345067,10.601665554540041
P00184,SITE06,2025-01-06,0.9999973028734622,4.199292618031983,10.704654724823804
P00185,SITE01,2024-12-30,0.0,0.9100634677355525,3.7263803775042175
P00185,SITE01,2025-01-06,0.0,0.9519167804737171,3.7045012768964773
P00185,SITE02,2024-12-30,0.0,1.1192099336303276,3.998007988754984
P00185,SITE02,2025-01-06,0.0,1.2282336016506445,4.185524775426125
P00185,SITE03,2024-12-30,0.0,1.557051628084417,3.853927229309358
P00185,SITE03,2025-01-06,0.0,1.8141541974106163,4.06203700457591
P00185,SITE04,2024-12-30,0.0,2.737913972609122,7.661084925323001
P00185,SITE04,2025-01-06,0.0,2.8487297764288764,7.6903899396967015
P00185,SITE05,2024-12-30,0.0,1.3948284711392098,3.3469087024595
P00185,SITE05,2025-01-06,0.0,1.549190148997753,3.5015624288527145
P00185,SITE06,2024-12-30,0.0,1.3663638997529974,4.480649502579739
P00185,SITE06,2025-01-06,0.0,1.5130901240637022,4.776096385649701
P00186,SITE01,2024-12-30,0.0,0.09135594155375835,3.460670811816723
P00186,SITE01,2025-01-06,0.0,0.09143022195900896,3.449100048639687
P00186,SITE02,2024-12-30,0.0,0.9172365576636308,3.1146560278660815
P00186,SITE02,2025-01-06,0.0,0.040365509626537927,3.1262636973024294
P00186,SITE03,2024-12-30,0.0,0.14733903606192864,4.638626998114521
P00186,SITE03,2025-01-06,0.0,0.16284770636326987,4.770006486438071
P00186,SITE04,2024-12-30,0.0,1.0554104601548866,8.804888499728614
P00186,SITE04,2025-01-06,0.0,1.1267084364524822,8.882749739583574
P00186,SITE05,2024-12-30,0.0,0.0468941627127778,3.7174541204417353
P00186,SITE05,2025-01-06,0.0,0.04696844311802841,3.854932060665846
P00186,SITE06,2024-12-30,0.0,0.3772612103055753,6.973172169951966
P00186,SITE06,2025-01-06,0.0,0.42977483153836993,7.147771182439977
P00187,SITE01,2024-12-30,0.0,1.5168288598580484,5.193824938629025
P00187,SITE01,2025-01-06,0.0,1.7034752977575975,5.37072835075951
P00187,SITE02,2024-12-30,0.0,1.006236958331599,3.4623898409650513
P00187,SITE02,2025-01-06,0.0,1.1206520435837601,3.652475477108877
P00187,SITE03,2024-12-30,0.0,1.1467825101824407,4.03266317038749
P00187,SITE03,2025-01-06,0.0,1.2313137398713754,4.186759569410176
P00187,SITE04,2024-12-30,0.0,1.6099005734581047,5.424501181838317
P00187,SITE04,2025-01-06,0.0,1.760210772811925,5.6383921948469995
P00187,SITE05,2024-12-30,0.0,1.234362670536358,3.2525290301864627
P00187,SITE05,2025-01-06,0.0,1.3093076799679202,3.3499480157728354
P00187,SITE06,2024-12-30,0.0,1.717260555204563,5.277925905004459
P00187,SITE06,2025-01-06,0.0,1.8285062685153688,5.577766943445754
P00188,SITE01,2024-12-30,0.0,0.5605610459323486,2.744128289453958
P00188,SITE01,2025-01-06,0.0,0.040365509626537927,2.6947851893611707
P00188,SITE02,2024-12-30,0.0,0.8885958017756527,2.6538231352326256
P00188,SITE02,2025-01-06,0.0,0.08799050962653807,2.548615385495668
P00188,SITE03,2024-12-30,0.0,0.6424783879308534,2.815516169544728
P00188,SITE03,2025-01-06,0.0,0.6605283178355305,2.9693727317819283
P00188,SITE04,2024-12-30,0.0,0.8981206812501478,4.215319662814078
P00188,SITE04,2025-01-06,0.0,0.9290555975891378,4.332633331671574
P00188,SITE05,2024-12-30,0.0,0.8491968001292268,3.2401987509690424
P00188,SITE05,2025-01-06,0.0,0.8301317164682168,3.6166486967850755
P00188,SITE06,2024-12-30,0.0,1.0872958243120698,6.348000774706929
P00188,SITE06,2025-01-06,0.0,1.1928555931885496,6.3079149547848345
P00189,SITE01,2024-12-30,0.0,3.1391834893840884,8.207070881228105
P00189,SITE01,2025-01-06,0.0,3.2090304920624644,8.415272443360465
P00189,SITE02,2024-12-30,0.0,1.9932584928118802,4.35649162718081
P00189,SITE02,2025-01-06,0.0,2.044661340427165,4.406788632113237
P00189,SITE03,2024-12-30,0.0,2.25444598891472,4.339523519164212
P00189,SITE03,2025-01-06,0.0,2.3166658010179293,4.368756938245672
P00189,SITE04,2024-12-30,0.0,1.901310321632158,5.446823003619754
P00189,SITE04,2025-01-06,0.0,1.9194845251012598,5.547590546171668
P00189,SITE05,2024-12-30,0.0,1.5320511721930163,4.735727036388125
P00189,SITE05,2025-01-06,0.0,1.5363104211981078,4.794859853865872
P00189,SITE06,2024-12-30,0.0,3.0246702113472628,7.36763520907997
P00189,SITE06,2025-01-06,0.0,3.0715796521274954,7.773661416789061
P00190,SITE01,2024-12-30,0.0,0.2681556840160867,1.8185394147702203
P00190,SITE01,2025-01-06,0.0,2.6971265378990327e-06,1.7397211147845038
P00190,SITE02,2024-12-30,0.0,0.14029398845059812,2.1175090548167765
P00190,SITE02,2025-01-06,0.0,0.13668580573669722,1.9741975415307278
P00190,SITE03,2024-12-30,0.0,0.06276387301753364,2.194872032107608
P00190,SITE03,2025-01-06,0.0,0.020592627469142973,2.2869478653042403
P00190,SITE04,2024-12-30,0.0,1.4091507422399876,4.154984532876513
P00190,SITE04,2025-01-06,0.0,1.4347844503604072,4.115688806978398
P00190,SITE05,2024-12-30,0.0,0.2681556840160867,1.886274158253451
P00190,SITE05,2025-01-06,0.0,0.9884693952345315,1.7760979517876117
P00190,SITE06,2024-12-30,0.0,0.2681556840160867,2.2458699982983465
P00190,SITE06,2025-01-06,0.0,2.6971265378990327e-06,2.1579541264504534
P00191,SITE01,2024-12-30,0.0,1.1376997867790135,4.4619447739007
P00191,SITE01,2025-01-06,0.0,1.1617517011625949,4.426216680698451
P00191,SITE02,2024-12-30,0.0,1.6431201003168239,3.745230307513191
P00191,SITE02,2025-01-06,0.0,1.6594554738949823,3.814073296414785
P00191,SITE03,2024-12-30,0.0,1.3256426682413343,3.6866090912116185
P00191,SITE03,2025-01-06,0.0,1.3419780418194927,3.7076221915533734
P00191,SITE04,2024-12-30,0.0,3.05020807842261,7.058361143174664
P00191,SITE04,2025-01-06,0.0,3.0917934586003852,7.443418510471608
P00191,SITE05,2024-12-30,0.9999973028734622,1.7071743841138456,4.624564376431232
P00191,SITE05,2025-01-06,0.9999973028734622,1.7045765840878275,4.79671692037661
P00191,SITE06,2024-12-30,0.0,1.174689182132721,5.611279167531849
P00191,SITE06,2025-01-06,0.0,1.246913938931231,5.840726780571573
P00192,SITE01,2024-12-30,0.0,0.6029531932493651,3.126082921655097
P00192,SITE01,2025-01-06,0.0,0.0903655096265381,3.2290573421280273
P00192,SITE02,2024-12-30,0.0,0.926670070302179,3.9732558273644867
P00192,SITE02,2025-01-06,0.0,0.9574095038909729,4.09965218741706
P00192,SITE03,2024-12-30,0.0,1.0214897032400994,3.1314183848671098
P00192,SITE03,2025-01-06,0.0,0.5683545449571632,3.2754081800992
P00192,SITE04,2024-12-30,0.0,2.210534455395024,5.979078033879597
P00192,SITE04,2025-01-06,0.0,2.2545977935586903,6.136956745191886
P00192,SITE05,2024-12-30,0.0,1.4133369635292092,3.5644892005123627
P00192,SITE05,2025-01-06,0.0,1.5979344125380204,3.7947051830561
P00192,SITE06,2024-12-30,0.0,2.711597148251266,7.408478069501484
P00192,SITE06,2025-01-06,0.0,2.825692579886328,7.493049262720806
P00193,SITE01,2024-12-30,0.0,1.4389661171523276,3.6664044140681615
P00193,SITE01,2025-01-06,0.0,1.6338647559340411,3.896192070165712
P00193,SITE02,2024-12-30,0.0,1.2154274649265386,3.1738788877651523
P00193,SITE02,2025-01-06,0.0,1.2842789325553907,3.4255960170594
P00193,SITE03,2024-12-30,0.0,1.3540328436690392,3.481267149383182
P00193,SITE03,2025-01-06,0.0,1.4951844415174231,3.6776895863563426
P00193,SITE04,2024-12-30,0.0,1.5598957754602416,5.141680506380454
P00193,SITE04,2025-01-06,0.0,1.721300425360065,5.457019447800087
P00193,SITE05,2024-12-30,0.0,1.0831789983887525,3.1779827767332756
P00193,SITE05,2025-01-06,0.0,1.1741877510439729,3.4862811957242643
P00193,SITE06,2024-12-30,0.0,1.872891412085835,5.639955092309922
P00193,SITE06,2025-01-06,0.0,1.9780994810745527,5.9085592107832285
P00194,SITE01,2024-12-30,0.0,2.3192258545915827,4.458318208353956
P00194,SITE01,2025-01-06,0.0,2.41368912341623,4.57169232054501
P00194,SITE02,2024-12-30,0.0,2.1037662648212097,6.485470857330469
P00194,SITE02,2025-01-06,0.0,2.1576046639353708,6.749918042074901
P00194,SITE03,2024-12-30,0.0,1.4828992581486522,4.949768148140306
P00194,SITE03,2025-01-06,0.0,1.5051491140744446,5.1665581160012195
P00194,SITE04,2024-12-30,0.0,3.51952225784894,9.127950135850824
P00194,SITE04,2025-01-06,0.0,3.5746142678322235,9.389485179802655
P00194,SITE05,2024-12-30,0.0,1.488067979786556,5.062948239263668
P00194,SITE05,2025-01-06,0.0,1.504436737051602,5.237478106582316
P00194,SITE06,2024-12-30,0.9999973028734622,5.024272066708316,12.028213043385897
P00194,SITE06,2025-01-06,0.9999973028734622,5.04909806645436,12.273902812562481
P00195,SITE01,2024-12-30,0.0,0.2681556840160867,1.8501877580754633
P00195,SITE01,2025-01-06,0.0,2.6971265378990327e-06,1.6921722845878082
P00195,SITE02,2024-12-30,0.0,0.10061880286507932,1.9843477841371477
P00195,SITE02,2025-01-06,0.0,0.12564736184359754,1.9001424582911894
P00195,SITE03,2024-12-30,0.0,1.0313684819820876,2.2451117022909566
P00195,SITE03,2025-01-06,0.0,1.0614889282508373,2.318888936614502
P00195,SITE04,2024-12-30,0.0,1.0925496262433818,3.716849144030736
P00195,SITE04,2025-01-06,0.0,1.106055560262874,3.7537920126415187
P00195,SITE05,2024-12-30,0.0,0.2681556840160867,1.6087861686867404
P00195,SITE05,2025-01-06,0.0,2.6971265378990327e-06,1.5190278625797553
P00195,SITE06,2024-12-30,0.0,0.9323443730004369,2.810330605777599
P00195,SITE06,2025-01-06,0.0,0.958523039339427,2.842138317645955
P00196,SITE01,2024-12-30,0.0,0.8203985287780953,2.8459959454883483
P00196,SITE01,2025-01-06,0.0,0.8471387236011834,2.847036700343722
P00196,SITE02,2024-12-30,0.0,1.1198492362421013,3.0331513610871657
P00196,SITE02,2025-01-06,0.0,1.1297507091644188,3.089625417726309
P00196,SITE03,2024-12-30,0.0,1.199579817271834,3.4051937062830513
P00196,SITE03,2025-01-06,0.0,1.234719896519284,3.4599858090040243
P00196,SITE04,2024-12-30,0.9999973028734622,3.0993188718543774,6.326730278435664
P00196,SITE04,2025-01-06,0.9999973028734622,3.1871695203320267,6.344803659147228
P00196,SITE05,2024-12-30,0.0,0.8722390478394488,2.342366449221756
P00196,SITE05,2025-01-06,0.0,0.8984177141784389,2.4159581248322946
P00196,SITE06,2024-12-30,0.0,1.0195538618445226,4.128098384335853
P00196,SITE06,2025-01-06,0.0,1.0510385776721467,4.1807048327693614
P00197,SITE01,2024-12-30,0.0,0.7064951823363284,3.2921757252838617
P00197,SITE01,2025-01-06,0.0,0.08799050962653807,3.3720634422359903
P00197,SITE02,2024-12-30,0.0,0.6394385997603192,3.3791794468225174
P00197,SITE02,2025-01-06,0.0,0.11934157175853215,3.4918098001338516
P00197,SITE03,2024-12-30,0.0,0.7150087586610125,2.811430585159441
P00197,SITE03,2025-01-06,0.0,0.3115133062809893,2.953920198541574
P00197,SITE04,2024-12-30,0.0,0.24849501553821587,4.058168391873775
P00197,SITE04,2025-01-06,0.0,0.30284526958390684,4.185550298360253
P00197,SITE05,2024-12-30,0.0,0.9186341752500045,3.256634862793691
P00197,SITE05,2025-01-06,0.0,1.0604068191897635,3.33652257974582
P00197,SITE06,2024-12-30,0.0,0.7063701823363284,3.920942976908623
P00197,SITE06,2025-01-06,0.0,0.13786550962653787,4.084731360086482
P00198,SITE01,2024-12-30,0.0,0.11118468412160704,4.045402537904708
P00198,SITE01,2025-01-06,0.0,0.11118468412160704,4.230029657823279
P00198,SITE02,2024-12-30,0.0,0.8711226881521661,4.7835237400103665
P00198,SITE02,2025-01-06,0.0,0.9173202001214458,5.051727225246712
P00198,SITE03,2024-12-30,0.0,1.1855774158780565,4.519501394858816
P00198,SITE03,2025-01-06,0.0,1.2304507757439518,4.833773870501545
P00198,SITE04,2024-12-30,0.9999973028734622,4.265800091266976,10.842147796315729
P00198,SITE04,2025-01-06,0.0,4.214453241106729,10.934207483395424
P00198,SITE05,2024-12-30,0.0,1.1750973034327235,3.6524138291303574
P00198,SITE05,2025-01-06,0.0,1.25136561179808,3.9252834513547694
P00198,SITE06,2024-12-30,0.0,2.885623045135407,8.972723504512327
P00198,SITE06,2025-01-06,0.0,3.0326999657253686,9.310758663115381
P00199,SITE01,2024-12-30,0.9999973028734622,5.542828230133507,9.064374030200709
P00199,SITE01,2025-01-06,0.9999973028734622,5.6751553050003825,9.201916849211528
P00199,SITE02,2024-12-30,0.9999973028734622,4.277482732140844,9.757563782005755
P00199,SITE02,2025-01-06,0.9999973028734622,4.31978862982776,9.744454756656888
P00199,SITE03,2024-12-30,0.0,3.1380983482061935,7.775326282624512
P00199,SITE03,2025-01-06,0.0,3.1837311665808765,8.039922478925893
P00199,SITE04,2024-12-30,0.0,4.428513378798896,9.817823325042013
P00199,SITE04,2025-01-06,0.0,4.5943900034960174,10.317416327830287
P00199,SITE05,2024-12-30,0.0,3.421753369181724,8.282946329603663
P00199,SITE05,2025-01-06,0.0,3.530247054099211,8.704407745252858
P00199,SITE06,2024-12-30,0.9999973028734622,8.573115289485287,22.587941794990982
P00199,SITE06,2025-01-06,0.9999973028734622,8.7437471896211,23.185520527644474
P00200,SITE01,2024-12-30,0.0,0.5656088289637703,2.525250666091432
P00200,SITE01,2025-01-06,0.0,0.040365509626537927,2.388804351336605
P00200,SITE02,2024-12-30,0.0,0.4235453006900218,2.9699775850836923
P00200,SITE02,2025-01-06,0.0,0.44069363275186585,2.9818161400106136
P00200,SITE03,2024-12-30,0.0,0.2614465179687381,2.8879149006312335
P00200,SITE03,2025-01-06,0.0,0.287600974168878,2.938166515398754
P00200,SITE04,2024-12-30,0.0,1.04671025598601,3.496220602979068
P00200,SITE04,2025-01-06,0.0,1.0697422629643134,3.500299883774558
P00200,SITE05,2024-12-30,0.0,0.5656088289637703,2.5651490473894314
P00200,SITE05,2025-01-06,0.0,0.040365509626537927,2.5580574936668308
P00200,SITE06,2024-12-30,0.0,1.2215935624874599,6.587689991935519
P00200,SITE06,2025-01-06,0.0,1.2818826644889072,6.516397740200555
P00201,SITE01,2024-12-30,0.0,1.513519419078981,4.371657306883219
P00201,SITE01,2025-01-06,0.0,1.5318852364482067,4.420110422595028
P00201,SITE02,2024-12-30,0.0,1.5148690822340642,5.68012462460968
P00201,SITE02,2025-01-06,0.0,1.5148690822340642,5.724172127063098
P00201,SITE03,2024-12-30,0.0,2.469390390083316,5.009431928949252
P00201,SITE03,2025-01-06,0.0,2.5833803913186384,5.101632377179696
P00201,SITE04,2024-12-30,0.9999973028734622,4.904349073090692,8.494055171027167
P00201,SITE04,2025-01-06,0.9999973028734622,4.980289948801844,8.67662336339579
P00201,SITE05,2024-12-30,0.0,0.8622684103626311,4.644462875784298
P00201,SITE05,2025-01-06,0.0,0.8884470767016212,4.712749918717504
P00201,SITE06,2024-12-30,0.9999973028734622,4.971884728622581,12.603042018283439
P00201,SITE06,2025-01-06,0.9999973028734622,5.018238064506403,12.86606819682996
P00202,SITE01,2024-12-30,0.0,0.0,2.4497005058331522
P00202,SITE01,2025-01-06,0.0,0.0,2.455828761634881
P00202,SITE02,2024-12-30,0.0,0.5125204597279226,2.08835191104828
P00202,SITE02,2025-01-06,0.0,0.040365509626537927,1.9919327718466717
P00202,SITE03,2024-12-30,0.0,0.5827519923935534,2.318289157547486
P00202,SITE03,2025-01-06,0.0,0.040027316436660194,2.23913768840539
P00202,SITE04,2024-12-30,0.0,0.0,3.0570495571233103
P00202,SITE04,2025-01-06,0.0,0.0,3.2907395226340843
P00202,SITE05,2024-12-30,0.0,0.052021114971371664,2.461548892837775
P00202,SITE05,2025-01-06,0.0,0.05209539537662228,2.5248356542804054
P00202,SITE06,2024-12-30,0.0,0.10569330712209943,3.3839323851397007
P00202,SITE06,2025-01-06,0.0,0.10569330712209943,3.5230606798288213
P00203,SITE01,2024-12-30,0.9999973028734622,2.617543501185786,4.568973295147177
P00203,SITE01,2025-01-06,0.9999973028734622,2.6665631665349405,4.591279994681234
P00203,SITE02,2024-12-30,0.0,2.0736195309055945,4.410125500033615
P00203,SITE02,2025-01-06,0.0,2.1871442869372113,4.2554488888839455
P00203,SITE03,2024-12-30,0.0,1.9420116037937458,4.32116570430207
P00203,SITE03,2025-01-06,0.0,2.051119453575363,4.134960213798616
P00203,SITE04,2024-12-30,0.9999973028734622,4.740864465978606,7.810994652224188
P00203,SITE04,2025-01-06,0.9999973028734622,4.804945187711074,8.00425873165876
P00203,SITE05,2024-12-30,0.0,3.639554772894758,8.925870871736835
P00203,SITE05,2025-01-06,0.0,3.681140153072534,9.128415607072663
P00203,SITE06,2024-12-30,0.9999973028734622,4.994546039174459,11.602486679080517
P00203,SITE06,2025-01-06,0.9999973028734622,5.040899375058283,11.58443822297735
P00204,SITE01,2024-12-30,0.0,1.205782084299406,3.8921795125375804
P00204,SITE01,2025-01-06,0.0,1.3562184589588473,4.063858611338545
P00204,SITE02,2024-12-30,0.0,2.976874040344403,7.794628882717783
P00204,SITE02,2025-01-06,0.0,3.052356299496032,7.800084945228738
P00204,SITE03,2024-12-30,0.0,1.2991285959605814,5.048910368934115
P00204,SITE03,2025-01-06,0.0,1.4103298697937428,5.260965368289535
P00204,SITE04,2024-12-30,0.0,2.076078497277261,6.416410302961537
P00204,SITE04,2025-01-06,0.0,2.2024716992784406,6.575269301697857
P00204,SITE05,2024-12-30,0.0,2.658586281108452,5.4970633967103355
P00204,SITE05,2025-01-06,0.0,2.8131337190928307,5.606152350754928
P00204,SITE06,2024-12-30,0.0,2.1468053014388495,7.226727650230728
P00204,SITE06,2025-01-06,0.0,2.29299102722934,7.2487769455258855
P00205,SITE01,2024-12-30,0.0,1.1483008115877817,4.206916785460848
P00205,SITE01,2025-01-06,0.0,1.2069104474411843,4.328558976370657
P00205,SITE02,2024-12-30,0.0,0.9558092920444989,4.405837925937499
P00205,SITE02,2025-01-06,0.0,1.039958890880526,4.6327336321081365
P00205,SITE03,2024-12-30,0.0,1.5216436434574807,3.8842285268907637
P00205,SITE03,2025-01-06,0.0,1.6842887168830085,4.099433714127147
P00205,SITE04,2024-12-30,0.9999973028734622,4.491164578777243,11.336710078743844
P00205,SITE04,2025-01-06,0.9999973028734622,4.597873230021476,11.715771880359426
P00205,SITE05,2024-12-30,0.9999973028734622,2.7972517944575745,5.360688886021111
P00205,SITE05,2025-01-06,0.9999973028734622,2.951458007030668,5.4659345926080185
P00205,SITE06,2024-12-30,0.9999973028734622,4.45804464010295,12.088848471199958
P00205,SITE06,2025-01-06,0.9999973028734622,4.564753291347183,12.08854024414022
P00206,SITE01,2024-12-30,0.0,0.5941247123955161,3.5783167558916764
P00206,SITE01,2025-01-06,0.0,0.6046936206504009,3.581535551101906
P00206,SITE02,2024-12-30,0.0,0.6029531932493651,3.2103016506546243
P00206,SITE02,2025-01-06,0.0,0.040365509626537927,2.913807733182005
P00206,SITE03,2024-12-30,0.0,0.3495969618357,3.5200667505627097
P00206,SITE03,2025-01-06,0.0,0.3020969618357,3.485172068414838
P00206,SITE04,2024-12-30,0.0,0.0,4.699859124144153
P00206,SITE04,2025-01-06,0.0,0.0,4.634705421415249
P00206,SITE05,2024-12-30,0.0,0.41005729128269985,3.985930997466295
P00206,SITE05,2025-01-06,0.0,0.4298299545944885,4.020691336702806
P00206,SITE06,2024-12-30,0.9999973028734622,2.271609875516637,7.9475582349729805
P00206,SITE06,2025-01-06,0.9999973028734622,2.3091470635621305,7.967204271566976
P00207,SITE01,2024-12-30,0.0,0.6739049268794888,3.5210784027572872
P00207,SITE01,2025-01-06,0.0,0.040365509626537927,3.516050821614494
P00207,SITE02,2024-12-30,0.0,0.7782944613683401,4.0559778896265755
P00207,SITE02,2025-01-06,0.0,0.8597702494839158,4.227882678278031
P00207,SITE03,2024-12-30,0.0,0.20014180763844988,4.487429622688398
P00207,SITE03,2025-01-06,0.0,0.2938744548286169,4.704227672003561
P00207,SITE04,2024-12-30,0.0,0.33783877244569316,4.366837473751277
P00207,SITE04,2025-01-06,0.0,0.34625752354790595,4.645830078006933
P00207,SITE05,2024-12-30,0.0,1.2591628161278545,3.7959477904367054
P00207,SITE05,2025-01-06,0.0,1.482265757307346,4.038484106569718
P00207,SITE06,2024-12-30,0.0,1.307264545052089,6.518047337462588
P00207,SITE06,2025-01-06,0.0,1.4784300445505425,6.6361001524374625
P00208,SITE01,2024-12-30,0.0,0.2681556840160867,1.6016000717270684
P00208,SITE01,2025-01-06,0.0,2.6971265378990327e-06,1.3533893749754569
P00208,SITE02,2024-12-30,0.0,0.2840434553075123,2.076458179719932
P00208,SITE02,2025-01-06,0.0,0.23325990072209982,2.080819005696198
P00208,SITE03,2024-12-30,0.0,0.05853318678695034,1.568533465725081
P00208,SITE03,2025-01-06,0.0,2.6971265378990327e-06,1.284101157936285
P00208,SITE04,2024-12-30,0.0,1.0031939601842905,2.5814558272566233
P00208,SITE04,2025-01-06,0.0,1.0031939601842905,2.523627522900235
P00208,SITE05,2024-12-30,0.0,0.25144344869090884,1.4996371285611947
P00208,SITE05,2025-01-06,0.0,2.6971265378990327e-06,1.3258417805004528
P00208,SITE06,2024-12-30,0.0,0.9536941193932041,2.2203419809541223
P00208,SITE06,2025-01-06,0.0,0.9798727857321942,2.2177805660328844
P00209,SITE01,2024-12-30,0.0,0.555842644474312,3.270640032135306
P00209,SITE01,2025-01-06,0.0,0.6129246282466217,3.3063550223861093
P00209,SITE02,2024-12-30,0.0,0.32838986273802717,4.438043208523304
P00209,SITE02,2025-01-06,0.0,0.3998720788771791,4.62436311360922
P00209,SITE03,2024-12-30,0.0,0.9901317153163655,3.7420353858589825
P00209,SITE03,2025-01-06,0.0,1.0176528341743807,3.762739501241024
P00209,SITE04,2024-12-30,0.0,1.7120355799844276,8.262509550398548
P00209,SITE04,2025-01-06,0.0,1.682269852404622,7.946645062358717
P00209,SITE05,2024-12-30,0.0,0.9252990533723325,3.917698932524965
P00209,SITE05,2025-01-06,0.0,0.9742859038280415,4.044282819610723
P00209,SITE06,2024-12-30,0.0,1.7655993601617201,5.684564359264995
P00209,SITE06,2025-01-06,0.0,1.9349437464472128,5.89565441005716
P00210,SITE01,2024-12-30,0.0,0.8628108280775354,2.246544652039222
P00210,SITE01,2025-01-06,0.0,0.08799050962653807,2.1572153498925806
P00210,SITE02,2024-12-30,0.0,0.598760316346253,2.394924996350868
P00210,SITE02,2025-01-06,0.0,0.08799050962653807,2.1560611935527922
P00210,SITE03,2024-12-30,0.0,0.6286279579455827,2.6721476651506437
P00210,SITE03,2025-01-06,0.0,0.09888115984668736,2.6142938065044015
P00210,SITE04,2024-12-30,0.0,0.598760316346253,2.4455158305910594
P00210,SITE04,2025-01-06,0.0,0.08799050962653807,2.343292284435543
P00210,SITE05,2024-12-30,0.0,0.501687823252784,2.217849583516825
P00210,SITE05,2025-01-06,0.0,0.45679998288464824,2.106422067246901
P00210,SITE06,2024-12-30,0.0,0.8372581143678774,4.031967908477215
P00210,SITE06,2025-01-06,0.0,0.8436555667631456,4.126868030859129
P00211,SITE01,2024-12-30,0.0,0.5046390390941528,3.771682370081993
P00211,SITE01,2025-01-06,0.0,0.5264131281998695,3.9183442489522404
P00211,SITE02,2024-12-30,0.0,0.9036867549580108,4.206688767142698
P00211,SITE02,2025-01-06,0.0,0.9953666235107166,4.33617449166685
P00211,SITE03,2024-12-30,0.0,1.2479653006070521,4.534014752396732
P00211,SITE03,2025-01-06,0.0,1.5394881597948757,4.644250548576642
P00211,SITE04,2024-12-30,0.0,0.5103220228143287,5.862583677287375
P00211,SITE04,2025-01-06,0.0,0.7295777977769226,5.818944277037986
P00211,SITE05,2024-12-30,0.0,0.5605610459323486,4.117890433389199
P00211,SITE05,2025-01-06,0.0,0.040365509626537927,4.0537010469990875
P00211,SITE06,2024-12-30,0.0,1.4936267200064075,8.823910705602737
P00211,SITE06,2025-01-06,0.0,1.740246294762837,8.822981120338019
P00212,SITE01,2024-12-30,0.0,1.8192977397704013,5.554221361549031
P00212,SITE01,2025-01-06,0.0,1.859298030197268,5.730596914813152
P00212,SITE02,2024-12-30,0.0,1.1969787746508151,3.8424212780929494
P00212,SITE02,2025-01-06,0.0,1.1990675317913562,3.945701170464735
P00212,SITE03,2024-12-30,0.0,1.5261360551250178,4.435301704991391
P00212,SITE03,2025-01-06,0.0,1.5709948634310102,4.526139965406463
P00212,SITE04,2024-12-30,0.9999973028734622,7.599174904821952,11.066718587834787
P00212,SITE04,2025-01-06,0.9999973028734622,7.6632556265544185,11.044050675152603
P00212,SITE05,2024-12-30,0.0,2.1155557046724693,6.5245095757723135
P00212,SITE05,2025-01-06,0.0,2.1978492125188955,6.6514871499905786
P00212,SITE06,2024-12-30,0.9999973028734622,4.845554354680622,12.391763929061316
P00212,SITE06,2025-01-06,0.9999973028734622,4.870380354426666,12.510308409449383
P00213,SITE01,2024-12-30,0.0,0.18102818632117235,5.464527402635329
P00213,SITE01,2025-01-06,0.0,0.2861512037965341,5.576610326876899
P00213,SITE02,2024-12-30,0.0,0.3219960102931116,4.5754670966683335
P00213,SITE02,2025-01-06,0.0,0.35573360396849524,4.700640188589348
P00213,SITE03,2024-12-30,0.0,0.7986510137604308,5.903681594453846
P00213,SITE03,2025-01-06,0.0,0.8147345139035298,5.783964994375231
P00213,SITE04,2024-12-30,0.0,1.4981314316169054,7.272717667653493
P00213,SITE04,2025-01-06,0.0,1.5625444848660128,6.907210753933421
P00213,SITE05,2024-12-30,0.0,0.2400859393860974,3.7136380587041504
P00213,SITE05,2025-01-06,0.0,0.22124142849470194,3.466764937895389
P00213,SITE06,2024-12-30,0.0,0.10677482098910825,4.892566848343735
P00213,SITE06,2025-01-06,0.0,0.1113355882389123,5.0838888511771225
P00214,SITE01,2024-12-30,0.0,0.2670478133292373,4.377024313453053
P00214,SITE01,2025-01-06,0.0,0.3487831848052282,4.611394963724568
P00214,SITE02,2024-12-30,0.0,0.6757616643121073,3.500159442323966
P00214,SITE02,2025-01-06,0.0,0.2079235282702905,3.506046685222468
P00214,SITE03,2024-12-30,0.0,0.5605610459323486,3.385634529835847
P00214,SITE03,2025-01-06,0.0,0.040365509626537927,3.5079843498939622
P00214,SITE04,2024-12-30,0.0,0.896619424637461,6.5691437273768045
P00214,SITE04,2025-01-06,0.0,0.9978706989686763,6.5772425531661485
P00214,SITE05,2024-12-30,0.0,0.36100734903991816,3.6941549482045906
P00214,SITE05,2025-01-06,0.0,0.31780712688581325,3.805648785126793
P00214,SITE06,2024-12-30,0.0,0.5582545042047273,6.946116907722988
P00214,SITE06,2025-01-06,0.0,0.7468538184095015,6.959008884463723
P00215,SITE01,2024-12-30,0.0,1.6719735013925543,5.516146683120168
P00215,SITE01,2025-01-06,0.0,1.7242700476219166,5.580563651875273
P00215,SITE02,2024-12-30,0.0,1.3916035512208296,3.321647844043649
P00215,SITE02,2025-01-06,0.0,1.3896448701644626,3.3913014303545728
P00215,SITE03,2024-12-30,0.0,1.4600543332490177,4.702655265630481
P00215,SITE03,2025-01-06,0.0,1.5023475506685777,4.809167331782503
P00215,SITE04,2024-12-30,0.0,2.5631004235529087,6.9537571689008235
P00215,SITE04,2025-01-06,0.0,2.602153684365428,7.070101212299544
P00215,SITE05,2024-12-30,0.0,1.644169136099926,3.591470854798968
P00215,SITE05,2025-01-06,0.0,1.6575871526232249,3.619617578903616
P00215,SITE06,2024-12-30,0.0,3.5873459050210377,9.088484438610507
P00215,SITE06,2025-01-06,0.0,3.6289312851988136,9.479716857056415
P00216,SITE01,2024-12-30,0.0,1.455919084703463,4.2701094494251395
P00216,SITE01,2025-01-06,0.0,1.5804077431075294,4.3158343199843285
P00216,SITE02,2024-12-30,0.0,2.014913812653708,5.009834319014402
P00216,SITE02,2025-01-06,0.0,2.2988446734838557,5.125847999001489
P00216,SITE03,2024-12-30,0.0,2.355192518519944,4.786185345982214
P00216,SITE03,2025-01-06,0.0,2.6652055415521527,4.828721833738046
P00216,SITE04,2024-12-30,0.0,2.373055753812911,6.390978666700678
P00216,SITE04,2025-01-06,0.0,2.4970153163809763,6.313630376516176
P00216,SITE05,2024-12-30,0.9999973028734622,3.0005928199923653,5.470613516846735
P00216,SITE05,2025-01-06,0.9999973028734622,3.045308699496418,5.596548946856149
P00216,SITE06,2024-12-30,0.9999973028734622,5.411645450978984,14.736965379450588
P00216,SITE06,2025-01-06,0.9999973028734622,5.470337644541303,14.485338878592103
P00217,SITE01,2024-12-30,0.9999973028734622,3.384069000232886,6.410694309645624
P00217,SITE01,2025-01-06,0.9999973028734622,3.474086456757014,6.4555294882245615
P00217,SITE02,2024-12-30,0.0,2.6906439789900247,5.474481703370123
P00217,SITE02,2025-01-06,0.0,2.7674789152830748,5.5399749101735685
P00217,SITE03,2024-12-30,0.0,1.0481196372393282,4.4509040432242655
P00217,SITE03,2025-01-06,0.0,1.0577366476367391,4.580005340501096
P00217,SITE04,2024-12-30,0.9999973028734622,3.515509080089913,10.141115969322097
P00217,SITE04,2025-01-06,0.9999973028734622,3.609303497061715,10.15157661330749
P00217,SITE05,2024-12-30,0.0,2.3587106056547893,4.89553983108183
P00217,SITE05,2025-01-06,0.0,2.4642518760404952,4.960827629880567
P00217,SITE06,2024-12-30,0.9999973028734622,4.292320787802843,11.592193573780548
P00217,SITE06,2025-01-06,0.9999973028734622,4.414713310027593,11.63529998147612
P00218,SITE01,2024-12-30,0.0,2.369166448756674,6.70637331054769
P00218,SITE01,2025-01-06,0.0,2.419312301713511,6.723371836693033
P00218,SITE02,2024-12-30,0.0,1.4949479796500835,4.3205630092874125
P00218,SITE02,2025-01-06,0.0,1.5639167472934896,4.2764757276101
P00218,SITE03,2024-12-30,0.9999973028734622,3.795154168384413,9.881614669766105
P00218,SITE03,2025-01-06,0.9999973028734622,3.8756115583303883,9.867402509437456
P00218,SITE04,2024-12-30,0.9999973028734622,6.933206944542809,10.027142393131074
P00218,SITE04,2025-01-06,0.9999973028734622,7.045976779561894,10.247373820656568
P00218,SITE05,2024-12-30,0.0,2.199392697420867,6.770216105254607
P00218,SITE05,2025-01-06,0.0,2.2712550597382255,6.471656023715738
P00218,SITE06,2024-12-30,0.9999973028734622,6.872543549998632,16.702640456546437
P00218,SITE06,2025-01-06,0.9999973028734622,6.961064209313806,17.298053399911886
P00219,SITE01,2024-12-30,0.0,0.9558501271956149,2.3423318857303164
P00219,SITE01,2025-01-06,0.0,0.9820287935346047,2.387158024117617
P00219,SITE02,2024-12-30,0.0,0.9855008916752732,2.7867875484348645
P00219,SITE02,2025-01-06,0.0,0.9857982274554404,2.8112349831536774
P00219,SITE03,2024-12-30,0.0,0.9113990630970781,2.411943844886078
P00219,SITE03,2025-01-06,0.0,0.9113990630970781,2.419569345183135
P00219,SITE04,2024-12-30,0.0,1.1175871723311142,3.4738049346480455
P00219,SITE04,2025-01-06,0.0,1.1177708557165684,3.499518386010505
P00219,SITE05,2024-12-30,0.0,0.8559547882205708,1.8089461663357402
P00219,SITE05,2025-01-06,0.0,0.8786178785982007,1.8756557768812654
P00219,SITE06,2024-12-30,0.0,1.117136949582609,3.5908755873625995
P00219,SITE06,2025-01-06,0.0,1.163465876203615,3.605316543732998
P00220,SITE01,2024-12-30,0.0,0.8688407630249327,1.8016322522370236
P00220,SITE01,2025-01-06,0.0,0.8950194293639228,1.852042500079595
P00220,SITE02,2024-12-30,0.0,0.2463933196100992,1.8775944425845308
P00220,SITE02,2025-01-06,0.0,2.6971265378990327e-06,1.8029008767130108
P00220,SITE03,2024-12-30,0.0,0.9297168642395869,2.089448298397023
P00220,SITE03,2025-01-06,0.0,0.9558955305785769,2.0922427207481022
P00220,SITE04,2024-12-30,0.0,0.9115833708699025,2.38561217973874
P00220,SITE04,2025-01-06,0.0,0.9377620372088925,2.39707550142187
P00220,SITE05,2024-12-30,0.0,0.8642366427662854,1.838018818692815
P00220,SITE05,2025-01-06,0.0,0.8904153091052754,1.8812839178884428
P00220,SITE06,2024-12-30,0.0,0.9868335004357052,2.7523791324216
P00220,SITE06,2025-01-06,0.0,0.9827860622387969,2.7456178838306675
P00221,SITE01,2024-12-30,0.0,1.0430548711348948,4.083498857964047
P00221,SITE01,2025-01-06,0.0,1.0954844938274964,4.329917930921694
P00221,SITE02,2024-12-30,0.0,0.79058167086403,4.482724043034109
P00221,SITE02,2025-01-06,0.0,0.8430112935566313,4.679232887037257
P00221,SITE03,2024-12-30,0.0,1.5825248020626204,4.006462902607942
P00221,SITE03,2025-01-06,0.0,1.7955289763056912,4.117220615519289
P00221,SITE04,2024-12-30,0.0,2.798191714679074,8.334185535228837
P00221,SITE04,2025-01-06,0.0,2.891785745496312,8.155966449557033
P00221,SITE05,2024-12-30,0.0,0.7064951823363284,2.726539422485139
P00221,SITE05,2025-01-06,0.0,0.08799050962653807,2.8006075535638093
P00221,SITE06,2024-12-30,0.0,2.4397003085049893,7.996771326598958
P00221,SITE06,2025-01-06,0.0,2.579037006242126,8.35056613867298
P00222,SITE01,2024-12-30,0.0,1.9715072391260098,4.584327972236856
P00222,SITE01,2025-01-06,0.0,2.0692201801326457,4.6512751320643595
P00222,SITE02,2024-12-30,0.0,1.411068546420612,5.175363727024003
P00222,SITE02,2025-01-06,0.0,1.407021108223704,5.2033691357721334
P00222,SITE03,2024-12-30,0.0,1.1699208212032943,5.472653952754855
P00222,SITE03,2025-01-06,0.0,1.188960336402195,5.409829402651786
P00222,SITE04,2024-12-30,0.0,3.2743824218184976,8.344260556383679
P00222,SITE04,2025-01-06,0.0,3.320002559925827,8.634346981239238
P00222,SITE05,2024-12-30,0.0,1.0073008609303233,3.670144471670422
P00222,SITE05,2025-01-06,0.0,1.0587016777855727,3.70255368656309
P00222,SITE06,2024-12-30,0.0,2.2420052083512516,6.454598303682343
P00222,SITE06,2025-01-06,0.0,2.2739233026516565,6.956087447839505
P00223,SITE01,2024-12-30,0.0,3.6367505077164597,10.13693883197554
P00223,SITE01,2025-01-06,0.0,3.723220268207102,10.221823923050716
P00223,SITE02,2024-12-30,0.0,1.9954944153619623,7.956913834153837
P00223,SITE02,2025-01-06,0.0,2.0735114279159195,7.932100415368784
P00223,SITE03,2024-12-30,0.9999973028734622,3.8182077416617073,12.59158040843755
P00223,SITE03,2025-01-06,0.0,3.6008479448843147,12.024017872835547
P00223,SITE04,2024-12-30,0.9999973028734622,5.890866622862685,10.192791946530795
P00223,SITE04,2025-01-06,0.9999973028734622,6.043648580480936,10.139699848092848
P00223,SITE05,2024-12-30,0.0,2.0323645949496765,6.261078926031339
P00223,SITE05,2025-01-06,0.0,2.174226291729192,6.133432034521251
P00223,SITE06,2024-12-30,0.9999973028734622,6.622462837990863,16.313132519755122
P00223,SITE06,2025-01-06,0.9999973028734622,6.708430603855003,16.20978423634712
P00224,SITE01,2024-12-30,0.0,1.6416594744513524,5.331153998726376
P00224,SITE01,2025-01-06,0.0,1.8018702776894158,5.5206488242923735
P00224,SITE02,2024-12-30,0.0,1.86613610689347,5.929374193967613
P00224,SITE02,2025-01-06,0.0,2.0166783813216904,5.939069901804672
P00224,SITE03,2024-12-30,0.0,1.298753798134872,4.936880219647405
P00224,SITE03,2025-01-06,0.0,1.4359767393384502,5.133750336641904
P00224,SITE04,2024-12-30,0.9999973028734622,4.180134134938744,10.04682384279608
P00224,SITE04,2025-01-06,0.9999973028734622,4.254547772138083,10.227049914183635
P00224,SITE05,2024-12-30,0.0,1.2426578320100374,4.581330585910533
P00224,SITE05,2025-01-06,0.0,1.348699610036365,4.826613458280346
P00224,SITE06,2024-12-30,0.0,2.9073939987105333,8.133982137470344
P00224,SITE06,2025-01-06,0.0,3.008026207950205,8.229139937635267
P00225,SITE01,2024-12-30,0.0,2.706505069092979,5.683204404819198
P00225,SITE01,2025-01-06,0.0,2.8933581771568817,5.875775314929864
P00225,SITE02,2024-12-30,0.0,1.2151710930865556,4.448890917804252
P00225,SITE02,2025-01-06,0.0,1.255056729816257,4.660298213186642
P00225,SITE03,2024-12-30,0.0,1.6965883801981385,5.5271414808949295
P00225,SITE03,2025-01-06,0.0,1.8017964491868566,5.740226944320512
P00225,SITE04,2024-12-30,0.0,1.0563463105992381,4.529136393087332
P00225,SITE04,2025-01-06,0.0,1.1125058740264546,4.743188879982028
P00225,SITE05,2024-12-30,0.0,2.138878250350861,6.204641079351005
P00225,SITE05,2025-01-06,0.0,2.2432393380751816,6.435049230769852
P00225,SITE06,2024-12-30,0.0,3.0350224287250414,8.194302968352433
P00225,SITE06,2025-01-06,0.0,3.151964657637214,8.422420000406364
P00226,SITE01,2024-12-30,0.0,1.1737942907336458,3.0341773201298308
P00226,SITE01,2025-01-06,0.0,1.233166870940621,3.177681167417018
P00226,SITE02,2024-12-30,0.0,0.7727000388460247,3.087079968818757
P00226,SITE02,2025-01-06,0.0,0.040365509626537927,3.0585703976552767
P00226,SITE03,2024-12-30,0.0,0.9684580515695896,2.6012705287453897
P00226,SITE03,2025-01-06,0.0,0.9856063836314336,2.6895881631979255
P00226,SITE04,2024-12-30,0.0,1.2412188244487286,4.749820863087236
P00226,SITE04,2025-01-06,0.0,1.2822711112665204,4.830747994962742
P00226,SITE05,2024-12-30,0.0,1.1821560446238668,4.008083840499057
P00226,SITE05,2025-01-06,0.0,1.212823355332442,4.082104415729471
P00226,SITE06,2024-12-30,0.0,2.1277257137731755,6.026889606350883
P00226,SITE06,2025-01-06,0.0,2.1991521816846067,6.027532250906852
P00227,SITE01,2024-12-30,0.0,1.3858571038244931,3.864707378185345
P00227,SITE01,2025-01-06,0.0,1.4702068275430409,4.086146790145132
P00227,SITE02,2024-12-30,0.0,1.5664698689509893,4.212587194058002
P00227,SITE02,2025-01-06,0.0,1.7574347637363947,4.51930623347709
P00227,SITE03,2024-12-30,0.0,1.2047314964982636,4.421874462615176
P00227,SITE03,2025-01-06,0.0,1.2916767542064878,4.7509311070531695
P00227,SITE04,2024-12-30,0.9999973028734622,4.84794444701956,12.59544410781987
P00227,SITE04,2025-01-06,0.9999973028734622,4.9711927277388215,12.812835206698018
P00227,SITE05,2024-12-30,0.0,1.9011180058213781,4.284295862491626
P00227,SITE05,2025-01-06,0.0,2.02357564897517,4.536784417665577
P00227,SITE06,2024-12-30,0.9999973028734622,3.05328877259405,7.8655631272649975
P00227,SITE06,2025-01-06,0.9999973028734622,3.12877103174568,8.194348815497325
P00228,SITE01,2024-12-30,0.0,0.9144220767503627,2.817832889851892
P00228,SITE01,2025-01-06,0.0,0.9406007430893525,2.801128869177836
P00228,SITE02,2024-12-30,0.0,0.2517964399040651,1.6445173654721401
P00228,SITE02,2025-01-06,0.0,2.6971265378990327e-06,1.690298423467299
P00228,SITE03,2024-12-30,0.0,0.8669030735575514,2.3511029297016206
P00228,SITE03,2025-01-06,0.0,0.8930817398965414,2.306332018975915
P00228,SITE04,2024-12-30,0.0,1.0425479221029,3.2468771975440927
P00228,SITE04,2025-01-06,0.0,1.0385004839059915,3.2982117190758045
P00228,SITE05,2024-12-30,0.0,0.9310645339591962,2.434385821554284
P00228,SITE05,2025-01-06,0.0,0.9572432002981862,2.4162341375113683
P00228,SITE06,2024-12-30,0.0,1.0039148116969097,3.0367669594774243
P00228,SITE06,2025-01-06,0.0,1.0046900869696893,3.013645349195156
P00229,SITE01,2024-12-30,0.0,0.6029531932493651,3.114773019882473
P00229,SITE01,2025-01-06,0.0,0.040365509626537927,2.9634285207081357
P00229,SITE02,2024-12-30,0.0,0.8150921861630412,3.114773019882473
P00229,SITE02,2025-01-06,0.0,0.040365509626537927,2.9634285207081357
P00229,SITE03,2024-12-30,0.0,0.6029531932493651,2.554555556167347
P00229,SITE03,2025-01-06,0.0,0.040365509626537927,2.2829256480461364
P00229,SITE04,2024-12-30,0.0,0.42936620539473225,3.1917106177968573
P00229,SITE04,2025-01-06,0.0,0.49932392484938776,3.2011121666288007
P00229,SITE05,2024-12-30,0.0,0.08299013779006184,2.8438854178568236
P00229,SITE05,2025-01-06,0.0,0.03755090503986596,2.8440940448245913
P00229,SITE06,2024-12-30,0.0,0.8847065594429171,3.067797848560908
P00229,SITE06,2025-01-06,0.0,0.040365509626537927,2.95807120770413
P00230,SITE01,2024-12-30,0.0,0.0,4.35613489849287
P00230,SITE01,2025-01-06,0.0,0.0,4.4646471302208806
P00230,SITE02,2024-12-30,0.0,0.10813193813544324,4.899758236679137
P00230,SITE02,2025-01-06,0.0,0.1180138442685812,4.8499127530473904
P00230,SITE03,2024-12-30,0.0,1.239868844354626,5.6158936259320225
P00230,SITE03,2025-01-06,0.0,1.3559376062802768,5.382781235189897
P00230,SITE04,2024-12-30,0.0,0.5153239118058072,6.446426833233115
P00230,SITE04,2025-01-06,0.0,0.5155250346652444,6.935706228460933
P00230,SITE05,2024-12-30,0.0,0.5051438717797542,4.278218973912776
P00230,SITE05,2025-01-06,0.0,0.5640702571373649,4.24437974624559
P00230,SITE06,2024-12-30,0.0,0.47352376923747197,4.091037577518184
P00230,SITE06,2025-01-06,0.0,0.5333509022973539,3.8312208111498776
P00231,SITE01,2024-12-30,0.0,2.312401010346508,6.476526381074576
P00231,SITE01,2025-01-06,0.0,2.3580211484538367,6.776220848204752
P00231,SITE02,2024-12-30,0.0,2.8826056168311296,6.489362271944117
P00231,SITE02,2025-01-06,0.0,2.9282257549384583,6.929162050133503
P00231,SITE03,2024-12-30,0.0,2.737180747096404,6.914472205965722
P00231,SITE03,2025-01-06,0.0,2.7979595990724047,7.112041777414982
P00231,SITE04,2024-12-30,0.9999973028734622,7.286423014604377,11.163754621835908
P00231,SITE04,2025-01-06,0.9999973028734622,7.486655134834875,11.692715425535395
P00231,SITE05,2024-12-30,0.0,2.1403029867447634,5.477529839726118
P00231,SITE05,2025-01-06,0.0,2.2005925534804582,5.239729254634151
P00231,SITE06,2024-12-30,0.9999973028734622,8.914933898436612,23.534367167029263
P00231,SITE06,2025-01-06,0.9999973028734622,9.1030456965133,24.12300140761496
P00232,SITE01,2024-12-30,0.0,0.07469019240625548,2.124302244793956
P00232,SITE01,2025-01-06,0.0,0.07476447281150608,2.174807085747424
P00232,SITE02,2024-12-30,0.0,0.8165963064452957,2.12237713741034
P00232,SITE02,2025-01-06,0.0,0.040365509626537927,2.086662170015603
P00232,SITE03,2024-12-30,0.0,0.09043040782311997,2.402323711004895
P00232,SITE03,2025-01-06,0.0,0.09043040782311997,2.5169245102509015
P00232,SITE04,2024-12-30,0.0,0.08363353879540701,2.956637465909601
P00232,SITE04,2025-01-06,0.0,0.08368344484340078,3.021745043519592
P00232,SITE05,2024-12-30,0.0,0.27150014432585723,2.337317355567662
P00232,SITE05,2025-01-06,0.0,0.25320642510787317,2.378881798446304
P00232,SITE06,2024-12-30,0.0,0.11131200972081697,3.135989087091674
P00232,SITE06,2025-01-06,0.0,0.1554388284068603,3.31504923709527
P00233,SITE01,2024-12-30,0.0,1.1840027061006504,2.8513456666154227
P00233,SITE01,2025-01-06,0.0,1.1912090051927846,2.8529859724956963
P00233,SITE02,2024-12-30,0.0,1.210775031017186,4.038547303341808
P00233,SITE02,2025-01-06,0.0,1.210775031017186,4.103486947458875
P00233,SITE03,2024-12-30,0.0,1.087203980480285,3.371792431937404
P00233,SITE03,2025-01-06,0.0,1.0913101634281608,3.3667858924396774
P00233,SITE04,2024-12-30,0.0,1.6027313387998883,3.716410950653711
P00233,SITE04,2025-01-06,0.0,1.6816603845931437,3.925388923130236
P00233,SITE05,2024-12-30,0.0,1.4598966913080054,3.448619927223632
P00233,SITE05,2025-01-06,0.0,1.496373489785791,3.453891756717217
P00233,SITE06,2024-12-30,0.0,1.2959796020679397,4.035262521406198
P00233,SITE06,2025-01-06,0.0,1.3465483850912754,4.111911268518561
P00234,SITE01,2024-12-30,0.0,0.8794057637087085,2.8084471666879063
P00234,SITE01,2025-01-06,0.0,0.5176890944611048,2.9594714142308756
P00234,SITE02,2024-12-30,0.0,1.2355235827711408,3.3709056174546985
P00234,SITE02,2025-01-06,0.0,1.36298396061242,3.484924663876939
P00234,SITE03,2024-12-30,0.0,1.1133397150946482,3.0643096569534873
P00234,SITE03,2025-01-06,0.0,1.197271062609531,3.313675427089528
P00234,SITE04,2024-12-30,0.0,1.0863209174291357,3.7477322115782656
P00234,SITE04,2025-01-06,0.0,1.189924090524982,4.019694468527824
P00234,SITE05,2024-12-30,0.0,1.23017071682714,3.096832723178439
P00234,SITE05,2025-01-06,0.0,1.3221252321153902,3.2723744671518293
P00234,SITE06,2024-12-30,0.0,1.0998077619230804,3.785684379525292
P00234,SITE06,2025-01-06,0.0,1.1177124184734755,3.8950938972513116
P00235,SITE01,2024-12-30,0.0,0.2665606577151646,1.2687876048719515
P00235,SITE01,2025-01-06,0.0,2.6971265378990327e-06,1.133272863007838
P00235,SITE02,2024-12-30,0.0,0.2665606577151646,1.2742044626966698
P00235,SITE02,2025-01-06,0.0,2.6971265378990327e-06,1.1386897208325562
P00235,SITE03,2024-12-30,0.0,0.056938160486028226,1.5737024708574348
P00235,SITE03,2025-01-06,0.0,2.6971265378990327e-06,1.3440671389962684
P00235,SITE04,2024-12-30,0.0,0.913322802138192,2.629487645083277
P00235,SITE04,2025-01-06,0.0,0.939501468477182,2.6776472413602463
P00235,SITE05,2024-12-30,0.0,0.2665606577151646,1.1973098277329584
P00235,SITE05,2025-01-06,0.0,2.6971265378990327e-06,1.0729453675789433
P00235,SITE06,2024-12-30,0.0,0.056938160486028226,1.7695407657772668
P00235,SITE06,2025-01-06,0.0,2.6971265378990327e-06,1.6269850417375828
P00236,SITE01,2024-12-30,0.0,0.05853318678695034,1.7544566993778452
P00236,SITE01,2025-01-06,0.0,2.6971265378990327e-06,1.5816502944750823
P00236,SITE02,2024-12-30,0.0,0.2350842045788873,1.7201871182500925
P00236,SITE02,2025-01-06,0.0,2.6971265378990327e-06,1.68532318813155
P00236,SITE03,2024-12-30,0.0,0.2681556840160867,1.6115852010253295
P00236,SITE03,2025-01-06,0.0,2.6971265378990327e-06,1.4792387629450585
P00236,SITE04,2024-12-30,0.0,0.9202355259995585,2.9214501936566823
P00236,SITE04,2025-01-06,0.0,0.9668679341811526,2.950743105319918
P00236,SITE05,2024-12-30,0.0,0.056016691102410934,1.8676825455685577
P00236,SITE05,2025-01-06,0.0,2.6971265378990327e-06,1.7434874235990647
P00236,SITE06,2024-12-30,0.0,0.960067593369706,2.6128343937060112
P00236,SITE06,2025-01-06,0.0,0.9655446548610713,2.642879459564268
P00237,SITE01,2024-12-30,0.0,0.5618270199050119,3.298996896883026
P00237,SITE01,2025-01-06,0.0,0.5618270199050119,3.375249468503753
P00237,SITE02,2024-12-30,0.0,0.09644639546034017,3.4267212862811234
P00237,SITE02,2025-01-06,0.0,0.09713384803919906,3.511590904552909
P00237,SITE03,2024-12-30,0.0,0.41890154885637615,3.145482456923673
P00237,SITE03,2025-01-06,0.0,0.43812893080483856,3.2971323875192025
P00237,SITE04,2024-12-30,0.0,0.5761894668648029,3.886442412462247
P00237,SITE04,2025-01-06,0.0,0.6107880238466237,3.896560899970171
P00237,SITE05,2024-12-30,0.0,0.10883836033593255,3.28942041223401
P00237,SITE05,2025-01-06,0.0,0.0671860044628962,3.358889526299552
P00237,SITE06,2024-12-30,0.0,1.1856228486420224,6.005488534237221
P00237,SITE06,2025-01-06,0.0,1.3356564981528685,6.239636831701235
P00238,SITE01,2024-12-30,0.0,1.4774653989518847,9.018924960897701
P00238,SITE01,2025-01-06,0.0,1.5190380988623058,9.067064893486046
P00238,SITE02,2024-12-30,0.0,0.6558169776630289,6.286790531539342
P00238,SITE02,2025-01-06,0.0,0.7249982728987159,6.30301040050489
P00238,SITE03,2024-12-30,0.0,1.2732171287249578,6.858006999126346
P00238,SITE03,2025-01-06,0.0,1.3455610508158264,7.045736691023105
P00238,SITE04,2024-12-30,0.0,1.0696608686110447,9.551724861045603
P00238,SITE04,2025-01-06,0.0,1.1485514219990987,9.223948267732201
P00238,SITE05,2024-12-30,0.0,0.6600426236966163,6.343509918273037
P00238,SITE05,2025-01-06,0.0,0.6994926360684001,6.285837471970568
P00238,SITE06,2024-12-30,0.0,2.84885472063149,6.9562326573429605
P00238,SITE06,2025-01-06,0.0,2.9080742930617483,6.958949465476447
P00239,SITE01,2024-12-30,0.0,1.585904425849523,4.118629186933956
P00239,SITE01,2025-01-06,0.0,1.5902736997246114,4.130877258566599
P00239,SITE02,2024-12-30,0.0,1.3841014124453555,4.031816160732273
P00239,SITE02,2025-01-06,0.0,1.4267455737857317,3.9255259186183635
P00239,SITE03,2024-12-30,0.0,2.5806578582646265,6.160856040340445
P00239,SITE03,2025-01-06,0.0,2.6125759525650314,6.273613738958607
P00239,SITE04,2024-12-30,0.9999973028734622,3.5198088278680992,6.640786363258959
P00239,SITE04,2025-01-06,0.9999973028734622,3.629415765271338,6.7292826970777995
P00239,SITE05,2024-12-30,0.0,1.7714972930856472,4.009654739845947
P00239,SITE05,2025-01-06,0.0,1.804611954080192,4.115667766190244
P00239,SITE06,2024-12-30,0.9999973028734622,4.605276181086556,11.264850596362814
P00239,SITE06,2025-01-06,0.9999973028734622,4.64758207877347,11.565858083437258
P00240,SITE01,2024-12-30,0.0,0.4784954261606137,4.568955248135382
P00240,SITE01,2025-01-06,0.0,0.5298755493875447,4.47161920215711
P00240,SITE02,2024-12-30,0.0,1.0647568478560219,3.8279233721909733
P00240,SITE02,2025-01-06,0.0,1.0642890865372583,3.991108668416052
P00240,SITE03,2024-12-30,0.0,1.6348071505072033,5.298231198147577
P00240,SITE03,2025-01-06,0.0,1.6979967748038762,5.284375653897626
P00240,SITE04,2024-12-30,0.0,1.5262243406954086,5.241792708844082
P00240,SITE04,2025-01-06,0.0,1.530271778892317,5.504631874710845
P00240,SITE05,2024-12-30,0.9999973028734622,2.3083152529172675,5.219126013770754
P00240,SITE05,2025-01-06,0.9999973028734622,2.323577351997189,5.1742553861757425
P00240,SITE06,2024-12-30,0.9999973028734622,3.0460894072123375,8.933184733587437
P00240,SITE06,2025-01-06,0.9999973028734622,3.060857080174784,9.050437717426444
P00241,SITE01,2024-12-30,0.0,0.4475786038515761,2.431480055032829
P00241,SITE01,2025-01-06,0.0,0.3814784606067879,2.3558320550562826
P00241,SITE02,2024-12-30,0.0,0.5125204597279226,2.2495569834098466
P00241,SITE02,2025-01-06,0.0,0.040365509626537927,2.1688500473344696
P00241,SITE03,2024-12-30,0.0,0.7609744227340609,2.5178522201746127
P00241,SITE03,2025-01-06,0.0,0.040365509626537927,2.528692427345581
P00241,SITE04,2024-12-30,0.0,0.003870675630119838,4.576463071584027
P00241,SITE04,2025-01-06,0.0,0.113731991887853,4.674484106685152
P00241,SITE05,2024-12-30,0.0,0.7609744227340609,2.2684988026779465
P00241,SITE05,2025-01-06,0.0,0.040365509626537927,2.2270602384720632
P00241,SITE06,2024-12-30,0.0,0.5660321361922838,3.471009078693086
P00241,SITE06,2025-01-06,0.0,0.1006982188976277,3.428271429482063
P00242,SITE01,2024-12-30,0.0,1.109706610611677,3.7187941433902068
P00242,SITE01,2025-01-06,0.0,1.1763891866903664,3.8757742522970218
P00242,SITE02,2024-12-30,0.0,1.6437253649256591,5.4465410106757535
P00242,SITE02,2025-01-06,0.0,1.8136526737760075,5.577501255729384
P00242,SITE03,2024-12-30,0.0,0.4938165459809117,5.172699962141348
P00242,SITE03,2025-01-06,0.0,0.5184199271221722,5.729377845072389
P00242,SITE04,2024-12-30,0.0,3.0066228983758183,8.670478254366266
P00242,SITE04,2025-01-06,0.0,3.1240194633546405,8.871081615710377
P00242,SITE05,2024-12-30,0.0,1.2384189568573771,3.7280371952348745
P00242,SITE05,2025-01-06,0.0,1.305383751012465,3.934002537394718
P00242,SITE06,2024-12-30,0.0,1.6598347967796845,6.133586417008155
P00242,SITE06,2025-01-06,0.0,1.792454523410536,6.365816833870235
P00243,SITE01,2024-12-30,0.0,0.2681556840160867,2.1053523490229704
P00243,SITE01,2025-01-06,0.0,2.6971265378990327e-06,1.9916433307787258
P00243,SITE02,2024-12-30,0.0,0.3062288193030795,2.2829218752429883
P00243,SITE02,2025-01-06,0.0,0.27750265518220335,2.3662175356539628
P00243,SITE03,2024-12-30,0.0,0.25144344869090884,2.1466791059266233
P00243,SITE03,2025-01-06,0.0,2.6971265378990327e-06,2.0300475554332245
P00243,SITE04,2024-12-30,0.0,1.0186160425529407,3.1812792630585394
P00243,SITE04,2025-01-06,0.0,1.0253775164818724,3.2221094925601657
P00243,SITE05,2024-12-30,0.0,0.24978828271003592,2.5120426014901738
P00243,SITE05,2025-01-06,0.0,0.3056116269968362,2.407761841700283
P00243,SITE06,2024-12-30,0.0,1.050279901533021,3.143191736042016
P00243,SITE06,2025-01-06,0.0,1.0647142371006943,3.145200211194229
P00244,SITE01,2024-12-30,0.0,1.1015280239345602,2.8565582158888794
P00244,SITE01,2025-01-06,0.0,1.177740306974553,2.970486833839035
P00244,SITE02,2024-12-30,0.0,1.610897772671588,3.6626361492425787
P00244,SITE02,2025-01-06,0.0,1.8160081325780095,3.790506498984386
P00244,SITE03,2024-12-30,0.0,1.322065693056907,4.441120140504709
P00244,SITE03,2025-01-06,0.0,1.4532562321610938,4.649464228021804
P00244,SITE04,2024-12-30,0.0,1.2634148707729884,4.333016905420866
P00244,SITE04,2025-01-06,0.0,1.3840899422104513,4.509225124344047
P00244,SITE05,2024-12-30,0.0,1.2154377467785857,3.1359147505108456
P00244,SITE05,2025-01-06,0.0,1.3543703816627346,3.2256144230284605
P00244,SITE06,2024-12-30,0.0,1.287448449016208,3.2319503106526537
P00244,SITE06,2025-01-06,0.0,1.380236168054018,3.309307073787196
P00245,SITE01,2024-12-30,0.0,0.4503620990123403,3.752121013899912
P00245,SITE01,2025-01-06,0.0,0.4753287618869925,3.7745364528474274
P00245,SITE02,2024-12-30,0.0,1.62066536043684,6.066992259508276
P00245,SITE02,2025-01-06,0.0,1.6422932791803644,6.245678112697535
P00245,SITE03,2024-12-30,0.0,1.1055997273450497,4.06294476281892
P00245,SITE03,2025-01-06,0.0,1.132669226326895,4.185475885388647
P00245,SITE04,2024-12-30,0.0,2.1083381493091227,5.946830174632049
P00245,SITE04,2025-01-06,0.0,2.154094352296824,6.10147839947508
P00245,SITE05,2024-12-30,0.0,2.537276898582956,5.035758348280956
P00245,SITE05,2025-01-06,0.0,2.6319457448526657,5.1342367329048395
P00245,SITE06,2024-12-30,0.9999973028734622,3.849513502282957,11.441390923053085
P00245,SITE06,2025-01-06,0.9999973028734622,3.891819399969872,11.72793755121939
P00246,SITE01,2024-12-30,0.0,2.679808810258179,5.0693863459866915
P00246,SITE01,2025-01-06,0.0,2.8364740111300755,5.26631352788044
P00246,SITE02,2024-12-30,0.9999973028734622,3.0433420775759887,5.784059344701804
P00246,SITE02,2025-01-06,0.9999973028734622,3.1541479543762514,5.8809916613582764
P00246,SITE03,2024-12-30,0.0,1.7629558189162506,5.860514551681544
P00246,SITE03,2025-01-06,0.0,1.8335337003772163,6.060137628063021
P00246,SITE04,2024-12-30,0.0,3.2292428031041025,9.23322538008828
P00246,SITE04,2025-01-06,0.0,3.4263012852545365,9.416153607020933
P00246,SITE05,2024-12-30,0.0,0.14449237821838598,3.4490044542545544
P00246,SITE05,2025-01-06,0.0,0.14449237821838598,3.79830276324423
P00246,SITE06,2024-12-30,0.0,1.6858517138938056,6.0668530447436515
P00246,SITE06,2025-01-06,0.0,1.7854752406867742,6.298595072635984
P00247,SITE01,2024-12-30,0.0,0.05313006649298452,1.8543003075319293
P00247,SITE01,2025-01-06,0.0,2.6971265378990327e-06,1.660173856995482
P00247,SITE02,2024-12-30,0.0,0.26275256372212086,1.772978567722198
P00247,SITE02,2025-01-06,0.0,2.6971265378990327e-06,1.6565190429189607
P00247,SITE03,2024-12-30,0.0,0.246040328396943,1.6781053599262223
P00247,SITE03,2025-01-06,0.0,2.6971265378990327e-06,1.5419107237930807
P00247,SITE04,2024-12-30,0.0,0.9297168642395869,2.3482300337724227
P00247,SITE04,2025-01-06,0.0,0.9558955305785769,2.3846951398802325
P00247,SITE05,2024-12-30,0.0,0.2463933196100992,1.8620997962208101
P00247,SITE05,2025-01-06,0.0,2.6971265378990327e-06,1.9409451832315594
P00247,SITE06,2024-12-30,0.0,1.083299032862707,2.4879588962200923
P00247,SITE06,2025-01-06,0.0,1.131862200998845,2.5181272110803854
P00248,SITE01,2024-12-30,0.0,0.18713198874187473,3.499510420040622
P00248,SITE01,2025-01-06,0.0,0.20797986872310187,3.436578181513333
P00248,SITE02,2024-12-30,0.0,0.41499321291386093,4.120746281791077
P00248,SITE02,2025-01-06,0.0,0.4809525595496714,4.1101869846323416
P00248,SITE03,2024-12-30,0.0,0.013660161851348536,4.217199434319838
P00248,SITE03,2025-01-06,0.0,0.044546305906513935,3.903891545298802
P00248,SITE04,2024-12-30,0.0,2.125492236183118,5.06856372129019
P00248,SITE04,2025-01-06,0.0,2.2161446550198076,4.982226699671779
P00248,SITE05,2024-12-30,0.0,0.45082138021593954,3.4949720566750333
P00248,SITE05,2025-01-06,0.0,0.4568909009348435,3.4755430263320966
P00248,SITE06,2024-12-30,0.9999973028734622,2.334359001779844,10.404045902487995
P00248,SITE06,2025-01-06,0.0,2.055957457025142,10.899328319840976
P00249,SITE01,2024-12-30,0.0,1.1311918262502423,3.215096030686998
P00249,SITE01,2025-01-06,0.0,1.1480579402356863,3.2319519980620646
P00249,SITE02,2024-12-30,0.0,0.6029531932493651,3.0754414475303133
P00249,SITE02,2025-01-06,0.0,0.040365509626537927,2.892852276474718
P00249,SITE03,2024-12-30,0.0,1.3501525202320401,3.523131847597394
P00249,SITE03,2025-01-06,0.0,1.3850112779709702,3.6156764259355314
P00249,SITE04,2024-12-30,0.0,2.260938422237479,4.139406187980529
P00249,SITE04,2025-01-06,0.0,2.3976381227225425,4.164810659263259
P00249,SITE05,2024-12-30,0.0,0.5662954641730397,3.339535125955233
P00249,SITE05,2025-01-06,0.0,0.5737704628365888,3.4518216050201582
P00249,SITE06,2024-12-30,0.0,0.9705706701252744,2.914767693310468
P00249,SITE06,2025-01-06,0.0,0.9877190021871182,2.9442089975404193
P00250,SITE01,2024-12-30,0.0,0.8642366427662854,1.9430572115653864
P00250,SITE01,2025-01-06,0.0,0.8904153091052754,2.023436573171757
P00250,SITE02,2024-12-30,0.0,0.2517964399040651,1.9305528603905826
P00250,SITE02,2025-01-06,0.0,2.6971265378990327e-06,2.0032622489084604
P00250,SITE03,2024-12-30,0.0,0.2517964399040651,1.707454524882052
P00250,SITE03,2025-01-06,0.0,2.6971265378990327e-06,1.8074742696481003
P00250,SITE04,2024-12-30,0.0,0.9306049417321475,2.997653843531545
P00250,SITE04,2025-01-06,0.0,0.9567836080711375,3.0329580815464356
P00250,SITE05,2024-12-30,0.0,0.8585083347638606,1.992695734323578
P00250,SITE05,2025-01-06,0.0,0.8846870011028506,2.01001667220496
P00250,SITE06,2024-12-30,0.0,0.2517964399040651,1.9305528603905826
P00250,SITE06,2025-01-06,0.0,2.6971265378990327e-06,2.0032622489084604
P00251,SITE01,2024-12-30,0.0,1.0462945156258743,2.8515735918194642
P00251,SITE01,2025-01-06,0.0,1.0663290172452669,2.946117476757066
P00251,SITE02,2024-12-30,0.0,0.9565880007320418,3.189206957251998
P00251,SITE02,2025-01-06,0.0,0.9565880007320418,3.3856026283937783
P00251,SITE03,2024-12-30,0.0,1.7714614820444345,3.396099866192815
P00251,SITE03,2025-01-06,0.0,1.8242429257506707,3.4203094479144096
P00251,SITE04,2024-12-30,0.0,1.9720243542315756,3.6205162041935
P00251,SITE04,2025-01-06,0.0,1.9939465077495708,3.6492672231877763
P00251,SITE05,2024-12-30,0.0,0.8675973785079366,2.9200501051116383
P00251,SITE05,2025-01-06,0.0,0.8937760448469266,2.997680818196083
P00251,SITE06,2024-12-30,0.0,1.5536945939232853,3.6950160887533054
P00251,SITE06,2025-01-06,0.0,1.5750535524021698,3.7142426465907556
P00252,SITE01,2024-12-30,0.0,0.6357059310944108,2.233151678079143
P00252,SITE01,2025-01-06,0.0,0.14648861190403764,2.116007985197499
P00252,SITE02,2024-12-30,0.0,0.4011027921486338,3.283110584512862
P00252,SITE02,2025-01-06,0.0,0.4402165903723729,3.3067579524653623
P00252,SITE03,2024-12-30,0.0,0.8316181902070694,2.363451699871069
P00252,SITE03,2025-01-06,0.0,0.040365509626537927,2.2486101123961695
P00252,SITE04,2024-12-30,0.0,0.08724746470401296,3.2219131100705396
P00252,SITE04,2025-01-06,0.0,0.0918082319538171,3.314750590180158
P00252,SITE05,2024-12-30,0.0,0.5498648240135174,2.5314943988787393
P00252,SITE05,2025-01-06,0.0,0.040365509626537927,2.3544719333377877
P00252,SITE06,2024-12-30,0.0,0.2640206637414053,2.8227870455904776
P00252,SITE06,2025-01-06,0.0,0.21311175496450954,2.8148143406121786
P00253,SITE01,2024-12-30,0.0,1.8935074513184864,4.053249909413205
P00253,SITE01,2025-01-06,0.0,2.0207206972840805,4.2909705005435805
P00253,SITE02,2024-12-30,0.0,0.6029531932493651,2.873351988728387
P00253,SITE02,2025-01-06,0.0,0.040365509626537927,2.926399818784625
P00253,SITE03,2024-12-30,0.0,1.0369186334987401,3.135380254051541
P00253,SITE03,2025-01-06,0.0,1.0775777692198614,3.1425015751519005
P00253,SITE04,2024-12-30,0.9999973028734622,3.534396408460766,8.772962185571252
P00253,SITE04,2025-01-06,0.9999973028734622,3.5804701599933684,8.874406233475863
P00253,SITE05,2024-12-30,0.0,0.8753176043749497,3.3046171288875295
P00253,SITE05,2025-01-06,0.0,0.34398139500611347,3.2564764766975283
P00253,SITE06,2024-12-30,0.0,1.3510263776389608,4.648779058364488
P00253,SITE06,2025-01-06,0.0,1.4822169167431472,4.905152830738842
P00254,SITE01,2024-12-30,0.0,1.086122637444309,3.013056067375462
P00254,SITE01,2025-01-06,0.0,1.1379185156842446,3.105703997192889
P00254,SITE02,2024-12-30,0.0,0.8282266138100306,2.943307308910214
P00254,SITE02,2025-01-06,0.0,0.8693383454359777,3.1683584580549176
P00254,SITE03,2024-12-30,0.0,0.5681698717328618,3.8957446819585257
P00254,SITE03,2025-01-06,0.0,0.5964804798988548,4.030037283077675
P00254,SITE04,2024-12-30,0.0,1.3509495664002373,4.601629466049308
P00254,SITE04,2025-01-06,0.0,1.4491400029729862,4.816571946959833
P00254,SITE05,2024-12-30,0.0,0.39941706305507696,3.5301331889846264
P00254,SITE05,2025-01-06,0.0,0.4218515768352906,3.6706398257270587
P00254,SITE06,2024-12-30,0.0,2.4155334824898453,4.611255488443077
P00254,SITE06,2025-01-06,0.0,2.6034650717293637,4.692822845991533
P00255,SITE01,2024-12-30,0.0,0.7657374866902663,3.510794001691519
P00255,SITE01,2025-01-06,0.0,0.901117096512052,3.5585979164163435
P00255,SITE02,2024-12-30,0.0,0.2986278910811594,4.705527596510603
P00255,SITE02,2025-01-06,0.0,0.432922430301826,4.894804534481789
P00255,SITE03,2024-12-30,0.0,0.1976608478227972,3.6450392103850633
P00255,SITE03,2025-01-06,0.0,0.284156625599209,3.8806425229508315
P00255,SITE04,2024-12-30,0.0,0.13333186687861698,5.22087559455933
P00255,SITE04,2025-01-06,0.0,0.3473562820125433,5.271173929956638
P00255,SITE05,2024-12-30,0.9999973028734622,2.274504377609227,4.8079500555827845
P00255,SITE05,2025-01-06,0.9999973028734622,2.2587227922438142,4.790514480059073
P00255,SITE06,2024-12-30,0.0,0.07257820748962107,4.438965186453343
P00255,SITE06,2025-01-06,0.0,0.10828012003176127,4.74249023374618
P00256,SITE01,2024-12-30,0.0,2.056289333553516,3.9294597706985717
P00256,SITE01,2025-01-06,0.0,2.105308998902669,4.1570570302758
P00256,SITE02,2024-12-30,0.0,2.108376138252876,5.559509442459072
P00256,SITE02,2025-01-06,0.0,2.13470047973574,5.8471247507936415
P00256,SITE03,2024-12-30,0.0,1.4464379551818571,3.4887858986262423
P00256,SITE03,2025-01-06,0.0,1.4485267123223986,3.255166848652136
P00256,SITE04,2024-12-30,0.0,1.5359126013718682,5.647963936427273
P00256,SITE04,2025-01-06,0.0,1.531157325933176,5.926529887803361
P00256,SITE05,2024-12-30,0.0,1.6992599845237963,3.82809680697413
P00256,SITE05,2025-01-06,0.0,1.6957549888467964,3.7252133847477022
P00256,SITE06,2024-12-30,0.0,2.297914647136949,6.866598590133885
P00256,SITE06,2025-01-06,0.0,2.289250547235607,7.06125381053764
P00257,SITE01,2024-12-30,0.0,2.187862954442653,6.691570398259859
P00257,SITE01,2025-01-06,0.0,2.274203900485986,6.938744346373156
P00257,SITE02,2024-12-30,0.9999973028734622,4.203521176761706,8.021415591979421
P00257,SITE02,2025-01-06,0.9999973028734622,4.279462052472859,7.915831042462423
P00257,SITE03,2024-12-30,0.9999973028734622,4.630630871023081,8.679734568459837
P00257,SITE03,2025-01-06,0.9999973028734622,4.706571746734232,8.811284348390297
P00257,SITE04,2024-12-30,0.9999973028734622,8.956440215231027,25.06164211511578
P00257,SITE04,2025-01-06,0.9999973028734622,9.144552013307717,25.81033455462746
P00257,SITE05,2024-12-30,0.9999973028734622,4.054964069138486,7.581035301759119
P00257,SITE05,2025-01-06,0.9999973028734622,4.159282736404333,7.597354681215689
P00257,SITE06,2024-12-30,0.9999973028734622,7.957945811669339,18.923662193419954
P00257,SITE06,2025-01-06,0.9999973028734622,8.142729084179283,19.564371539946897
P00258,SITE01,2024-12-30,0.0,1.1587351665091241,3.504267530181952
P00258,SITE01,2025-01-06,0.0,1.2963273112509885,3.8437541996165856
P00258,SITE02,2024-12-30,0.0,1.4543085559172777,3.75582718302841
P00258,SITE02,2025-01-06,0.0,1.58474165656075,3.9814099981285835
P00258,SITE03,2024-12-30,0.0,1.2823043790881186,4.579078605263589
P00258,SITE03,2025-01-06,0.0,1.3802374317224722,4.911701836055768
P00258,SITE04,2024-12-30,0.0,1.1943394068984179,3.3021135548344853
P00258,SITE04,2025-01-06,0.0,1.2259918561947023,3.6048445390269097
P00258,SITE05,2024-12-30,0.0,1.2564548363250676,4.174123391735768
P00258,SITE05,2025-01-06,0.0,1.3333204189803318,4.414902328889211
P00258,SITE06,2024-12-30,0.0,1.1166116455457191,4.01047438333535
P00258,SITE06,2025-01-06,0.0,1.1705341167162604,4.218896188701688
P00259,SITE01,2024-12-30,0.0,0.9245805321694728,3.636773221082447
P00259,SITE01,2025-01-06,0.0,0.9395886724537746,3.6386755726985096
P00259,SITE02,2024-12-30,0.0,0.07261898524146826,3.053031313736542
P00259,SITE02,2025-01-06,0.0,0.023859659280108268,3.132068803266151
P00259,SITE03,2024-12-30,0.0,0.0,4.4291252352449115
P00259,SITE03,2025-01-06,0.0,0.0,4.602516649430281
P00259,SITE04,2024-12-30,0.0,0.3772141640636577,4.899976178226135
P00259,SITE04,2025-01-06,0.0,0.46945993581895873,4.937160577689478
P00259,SITE05,2024-12-30,0.0,0.8450966045494553,3.9919499063786987
P00259,SITE05,2025-01-06,0.0,0.8494721905127823,3.9919479670819515
P00259,SITE06,2024-12-30,0.0,0.6454981467363613,4.188772120486167
P00259,SITE06,2025-01-06,0.0,0.6553736649234835,4.185507085204669
P00260,SITE01,2024-12-30,0.0,1.081123958461271,4.702891596922078
P00260,SITE01,2025-01-06,0.0,1.077076520264363,4.730373079482011
P00260,SITE02,2024-12-30,0.0,1.1142444513267695,3.0363779615549547
P00260,SITE02,2025-01-06,0.0,1.116333208467311,3.0347566394747343
P00260,SITE03,2024-12-30,0.0,1.6952456944746184,3.5126470897496986
P00260,SITE03,2025-01-06,0.0,1.7383450582530557,3.5592651198576943
P00260,SITE04,2024-12-30,0.0,1.4379424326537604,3.494484036599307
P00260,SITE04,2025-01-06,0.0,1.4405545922856242,3.511066551352251
P00260,SITE05,2024-12-30,0.0,2.19075603811812,4.1014906473917545
P00260,SITE05,2025-01-06,0.0,2.211106667277099,4.224391342331287
P00260,SITE06,2024-12-30,0.0,1.7048900285178368,4.925057066276661
P00260,SITE06,2025-01-06,0.0,1.7408428807477954,4.979472068283387
P00261,SITE01,2024-12-30,0.0,0.9348310269135377,3.5037746281362927
P00261,SITE01,2025-01-06,0.0,1.0576017129563908,3.7108983026435745
P00261,SITE02,2024-12-30,0.0,1.1090222997677726,2.9869920053271066
P00261,SITE02,2025-01-06,0.0,1.1861516874286326,3.1267276560787827
P00261,SITE03,2024-12-30,0.0,0.6190171697504044,2.8719649099555746
P00261,SITE03,2025-01-06,0.0,0.6039168254558895,2.8637631625607147
P00261,SITE04,2024-12-30,0.0,2.2879612092524537,6.010924338157683
P00261,SITE04,2025-01-06,0.0,2.4384296876114453,6.073477299176068
P00261,SITE05,2024-12-30,0.0,1.814708331757823,4.0934379177588225
P00261,SITE05,2025-01-06,0.0,1.935027658932214,4.097442157591596
P00261,SITE06,2024-12-30,0.0,1.0076143939155773,4.298695808542621
P00261,SITE06,2025-01-06,0.0,1.079250152427229,4.334930811500545
P00262,SITE01,2024-12-30,0.0,1.2407842445580763,3.551739722625337
P00262,SITE01,2025-01-06,0.0,1.3249518335074322,3.813099509521675
P00262,SITE02,2024-12-30,0.0,1.3760226302161518,3.812940042296767
P00262,SITE02,2025-01-06,0.0,1.527727629624929,4.180578374924212
P00262,SITE03,2024-12-30,0.9999973028734622,3.7142867733496803,6.9362432612473395
P00262,SITE03,2025-01-06,0.9999973028734622,3.875432190667189,6.944197193442317
P00262,SITE04,2024-12-30,0.0,2.715900208572986,4.989644765702686
P00262,SITE04,2025-01-06,0.0,2.9487161677143607,5.145906661626874
P00262,SITE05,2024-12-30,0.0,1.543455204691374,4.977366768591705
P00262,SITE05,2025-01-06,0.0,1.679010477405961,5.3527183696827345
P00262,SITE06,2024-12-30,0.0,1.7209612724107106,5.54351148677484
P00262,SITE06,2025-01-06,0.0,1.9127471270611507,5.760637537555274
P00263,SITE01,2024-12-30,0.0,2.068378351504171,6.597225169130102
P00263,SITE01,2025-01-06,0.0,2.1151482270307476,6.883052559694507
P00263,SITE02,2024-12-30,0.0,1.015248923101947,3.467714095458775
P00263,SITE02,2025-01-06,0.0,1.015248923101947,3.5743839392757124
P00263,SITE03,2024-12-30,0.0,1.3663733523371857,3.814884697694209
P00263,SITE03,2025-01-06,0.0,1.440874694837803,3.906398271810891
P00263,SITE04,2024-12-30,0.9999973028734622,2.903753641836211,5.320143952989741
P00263,SITE04,2025-01-06,0.9999973028734622,3.0198451459456255,5.380063242858707
P00263,SITE05,2024-12-30,0.0,0.9797064431319193,3.7673181320406353
P00263,SITE05,2025-01-06,0.0,0.9854949752078837,3.817495169267345
P00263,SITE06,2024-12-30,0.0,2.1522176763380982,6.116858936407814
P00263,SITE06,2025-01-06,0.0,2.228959839009249,6.34926631039588
P00264,SITE01,2024-12-30,0.0,0.7518721479061972,1.9855574052740101
P00264,SITE01,2025-01-06,0.0,0.778050814245187,2.064451542724375
P00264,SITE02,2024-12-30,0.0,0.880468909003645,2.633439904726353
P00264,SITE02,2025-01-06,0.0,0.9066475753426348,2.7678065187651533
P00264,SITE03,2024-12-30,0.0,0.9724136437876877,2.8479081752454487
P00264,SITE03,2025-01-06,0.0,0.9985923101266775,2.8243559702961694
P00264,SITE04,2024-12-30,0.0,0.8846587415441338,2.9119958642653523
P00264,SITE04,2025-01-06,0.0,0.8865253470697112,2.9966135872583526
P00264,SITE05,2024-12-30,0.0,0.7254599471696532,1.5451647618790842
P00264,SITE05,2025-01-06,0.0,0.7516386135086432,1.6467045604198887
P00264,SITE06,2024-12-30,0.0,0.9734056147505348,2.942536247421732
P00264,SITE06,2025-01-06,0.0,0.9577268502855332,2.8912727409221026
P00265,SITE01,2024-12-30,0.0,1.0558645922505623,3.8015171281710702
P00265,SITE01,2025-01-06,0.0,1.1126813063021077,4.001966244075453
P00265,SITE02,2024-12-30,0.0,0.554069705936454,3.0042945240913688
P00265,SITE02,2025-01-06,0.0,0.6072178485431144,3.178616246837906
P00265,SITE03,2024-12-30,0.0,0.6339089431011897,3.3411630272458535
P00265,SITE03,2025-01-06,0.0,0.5767677520867411,3.3542464487429684
P00265,SITE04,2024-12-30,0.0,3.2670577638887557,8.558226881352828
P00265,SITE04,2025-01-06,0.0,3.340601107421093,8.626843130490261
P00265,SITE05,2024-12-30,0.0,1.0683918247593596,3.800195445846744
P00265,SITE05,2025-01-06,0.0,1.1252085388109045,3.950283624058958
P00265,SITE06,2024-12-30,0.0,1.7554852012746618,5.246467904190915
P00265,SITE06,2025-01-06,0.0,1.8888181127326573,5.405281062850721
P00266,SITE01,2024-12-30,0.0,1.331322919597785,5.028573282573103
P00266,SITE01,2025-01-06,0.0,1.4575575621227854,5.3120505698353515
P00266,SITE02,2024-12-30,0.0,2.0216211171811267,4.495156466084366
P00266,SITE02,2025-01-06,0.0,2.1635590681613732,4.663554468135221
P00266,SITE03,2024-12-30,0.0,1.482685834881175,4.080338321212778
P00266,SITE03,2025-01-06,0.0,1.6487837456676266,4.24733293355999
P00266,SITE04,2024-12-30,0.9999973028734622,3.5400598717811476,9.024831365237606
P00266,SITE04,2025-01-06,0.9999973028734622,3.563059972555337,9.171909221331482
P00266,SITE05,2024-12-30,0.0,2.847911504719295,5.488792897380253
P00266,SITE05,2025-01-06,0.0,3.0015497811825287,5.511421612387025
P00266,SITE06,2024-12-30,0.0,2.668624655528084,7.0126268004986665
P00266,SITE06,2025-01-06,0.0,2.7737145867215136,7.029938807505457
P00267,SITE01,2024-12-30,0.0,2.2033829324955905,6.93171001839858
P00267,SITE01,2025-01-06,0.0,2.24900307060292,7.1525688869079
P00267,SITE02,2024-12-30,0.0,1.80803376412333,5.393323080370394
P00267,SITE02,2025-01-06,0.0,1.867860998009001,5.573012158258183
P00267,SITE03,2024-12-30,0.9999973028734622,4.3573142393147135,10.879546691327464
P00267,SITE03,2025-01-06,0.9999973028734622,4.3996201370016275,10.825638471386469
P00267,SITE04,2024-12-30,0.0,4.116049062196036,11.118387554302736
P00267,SITE04,2025-01-06,0.0,4.157634442373811,11.5654012322924
P00267,SITE05,2024-12-30,0.9999973028734622,3.437118499232023,6.19144459264899
P00267,SITE05,2025-01-06,0.9999973028734622,3.5443389741763296,6.293933782655244
P00267,SITE06,2024-12-30,0.9999973028734622,8.032837002715032,21.183963424961522
P00267,SITE06,2025-01-06,0.9999973028734622,8.20346890285084,21.1625363018976
P00268,SITE01,2024-12-30,0.9999973028734622,4.711960611731935,7.966782144040788
P00268,SITE01,2025-01-06,0.9999973028734622,4.785878968619049,7.86542810040322
P00268,SITE02,2024-12-30,0.0,3.1239541903496533,8.889165029311677
P00268,SITE02,2025-01-06,0.0,3.181209816274617,8.861266743794719
P00268,SITE03,2024-12-30,0.0,3.028896618333353,8.700427049526594
P00268,SITE03,2025-01-06,0.0,3.091745997075857,8.694776174892246
P00268,SITE04,2024-12-30,0.9999973028734622,6.158066138473375,15.558509507134552
P00268,SITE04,2025-01-06,0.9999973028734622,6.202384275265807,15.543669886266906
P00268,SITE05,2024-12-30,0.9999973028734622,4.327520772967728,7.5438887555600855
P00268,SITE05,2025-01-06,0.9999973028734622,4.4014391298548405,7.450263390611108
P00268,SITE06,2024-12-30,0.9999973028734622,5.18841444783518,14.153631435467508
P00268,SITE06,2025-01-06,0.9999973028734622,5.261176206534062,14.185629504842291
P00269,SITE01,2024-12-30,0.0,1.2488713857271836,3.658379071819504
P00269,SITE01,2025-01-06,0.0,1.2953604537899241,3.732544518142332
P00269,SITE02,2024-12-30,0.0,1.2651206869713938,4.692995544521027
P00269,SITE02,2025-01-06,0.0,1.2797427793032472,4.814264428656949
P00269,SITE03,2024-12-30,0.9999973028734622,2.9733667394860936,5.442317701019504
P00269,SITE03,2025-01-06,0.9999973028734622,3.0377059802005584,5.58795748137476
P00269,SITE04,2024-12-30,0.9999973028734622,3.88736931634652,10.62771440024502
P00269,SITE04,2025-01-06,0.9999973028734622,3.9439618873196443,10.799441334302344
P00269,SITE05,2024-12-30,0.0,1.307844369118898,4.985088607218487
P00269,SITE05,2025-01-06,0.0,1.319973222668998,5.062746251774354
P00269,SITE06,2024-12-30,0.9999973028734622,3.4084695549781805,8.631366694956284
P00269,SITE06,2025-01-06,0.9999973028734622,3.4238701811145362,9.053506204408151
P00270,SITE01,2024-12-30,0.0,1.0910852636400195,2.845742218015638
P00270,SITE01,2025-01-06,0.0,1.100986736562337,2.942929777963848
P00270,SITE02,2024-12-30,0.0,1.188124088772034,3.2048204457263947
P00270,SITE02,2025-01-06,0.0,1.2020729998912594,3.229436004396483
P00270,SITE03,2024-12-30,0.0,0.9575275815362081,3.9564088466101497
P00270,SITE03,2025-01-06,0.0,0.9575275815362081,4.070701228797516
P00270,SITE04,2024-12-30,0.0,1.3141987231175158,4.250697283323805
P00270,SITE04,2025-01-06,0.0,1.3141987231175158,4.386173257933436
P00270,SITE05,2024-12-30,0.0,2.1481883595669156,4.062934436410109
P00270,SITE05,2025-01-06,0.0,2.2372655425402717,4.083135871176901
P00270,SITE06,2024-12-30,0.0,1.7989946197315614,5.628764511625199
P00270,SITE06,2025-01-06,0.0,1.8473397911185498,5.639661642956709
P00271,SITE01,2024-12-30,0.0,0.9906020614999815,3.3121229306314963
P00271,SITE01,2025-01-06,0.0,0.9906020614999815,3.342959981690695
P00271,SITE02,2024-12-30,0.0,0.9619335824240404,2.8324559494466013
P00271,SITE02,2025-01-06,0.0,0.9731873197130828,2.8747779336036654
P00271,SITE03,2024-12-30,0.0,1.4428911671421054,4.644349655530338
P00271,SITE03,2025-01-06,0.0,1.4420959798405266,4.718412466641843
P00271,SITE04,2024-12-30,0.0,1.4650891383315547,4.761190546785664
P00271,SITE04,2025-01-06,0.0,1.5271155755923254,4.830588463812858
P00271,SITE05,2024-12-30,0.0,0.9075662974855362,3.104656042861115
P00271,SITE05,2025-01-06,0.0,0.933744963824526,3.127728612337113
P00271,SITE06,2024-12-30,0.0,0.9074489361998691,3.4792893024071856
P00271,SITE06,2025-01-06,0.0,0.9336276025388589,3.5225407748351225
P00272,SITE01,2024-12-30,0.0,2.041638676338042,4.6595559765951995
P00272,SITE01,2025-01-06,0.0,2.0749256985962,4.6945610289064446
P00272,SITE02,2024-12-30,0.0,3.159756675911792,7.995886432195386
P00272,SITE02,2025-01-06,0.0,3.180729973003883,8.009436570349292
P00272,SITE03,2024-12-30,0.0,2.151036963025455,6.566515585877423
P00272,SITE03,2025-01-06,0.0,2.193524915987972,6.5948350838849015
P00272,SITE04,2024-12-30,0.9999973028734622,4.723842077848857,8.695623538820676
P00272,SITE04,2025-01-06,0.9999973028734622,4.7867078203063675,9.276183475115982
P00272,SITE05,2024-12-30,0.0,1.2062731470355197,5.069921971598094
P00272,SITE05,2025-01-06,0.0,1.22129829727524,5.069224398956784
P00272,SITE06,2024-12-30,0.9999973028734622,5.342350691755949,13.350939094751135
P00272,SITE06,2025-01-06,0.9999973028734622,5.357060077057411,13.989690644631487
P00273,SITE01,2024-12-30,0.0,2.27272751724241,4.499337501228991
P00273,SITE01,2025-01-06,0.0,2.6237808085752192,4.645018489260008
P00273,SITE02,2024-12-30,0.0,1.5963568131529293,5.174874842464575
P00273,SITE02,2025-01-06,0.0,1.7926444420669279,5.419086729629978
P00273,SITE03,2024-12-30,0.0,1.2496015664680553,4.98289724951053
P00273,SITE03,2025-01-06,0.0,1.327998594536123,5.093420523771228
P00273,SITE04,2024-12-30,0.9999973028734622,5.017197190761854,12.665129591246366
P00273,SITE04,2025-01-06,0.9999973028734622,5.117371820722703,13.000379883965799
P00273,SITE05,2024-12-30,0.0,1.4797965139578084,4.295327853481048
P00273,SITE05,2025-01-06,0.0,1.687787486561669,4.4618993982977555
P00273,SITE06,2024-12-30,0.9999973028734622,3.8616238909497365,10.146992744086319
P00273,SITE06,2025-01-06,0.9999973028734622,3.9873714350228284,10.229830813739671
P00274,SITE01,2024-12-30,0.9999973028734622,2.5292609627456595,5.436029638497337
P00274,SITE01,2025-01-06,0.9999973028734622,2.6217507701286533,5.297064017400146
P00274,SITE02,2024-12-30,0.9999973028734622,3.2220469547188197,5.999798522544092
P00274,SITE02,2025-01-06,0.9999973028734622,3.3086360513590773,5.960577479907357
P00274,SITE03,2024-12-30,0.0,2.5962328570072417,5.589267592002983
P00274,SITE03,2025-01-06,0.0,2.7301263304112284,5.611409841009775
P00274,SITE04,2024-12-30,0.0,3.792767167053783,10.112296488184674
P00274,SITE04,2025-01-06,0.0,3.84311175296725,10.422421617362463
P00274,SITE05,2024-12-30,0.9999973028734622,4.100066523784937,11.161191881841477
P00274,SITE05,2025-01-06,0.9999973028734622,4.131733008282405,11.148063220646415
P00274,SITE06,2024-12-30,0.0,3.5806749798703654,7.865859926348177
P00274,SITE06,2025-01-06,0.0,3.645602211022089,7.7560130489294945
P00275,SITE01,2024-12-30,0.0,1.097750312909127,3.004976982669391
P00275,SITE01,2025-01-06,0.0,1.0998390700496685,3.101602961087912
P00275,SITE02,2024-12-30,0.0,1.1153874347865922,2.8118824951654835
P00275,SITE02,2025-01-06,0.0,1.1174761919271337,2.891797898768593
P00275,SITE03,2024-12-30,0.0,1.0191265347234644,3.169756241755196
P00275,SITE03,2025-01-06,0.0,1.0256321981140057,3.2506281942811692
P00275,SITE04,2024-12-30,0.0,1.174260003378294,4.012495256124183
P00275,SITE04,2025-01-06,0.0,1.174260003378294,4.141679136762742
P00275,SITE05,2024-12-30,0.0,0.14665577104243577,3.9070555375937825
P00275,SITE05,2025-01-06,0.0,0.15020581348345674,4.0848017570396316
P00275,SITE06,2024-12-30,0.0,1.7705746337948662,4.890165617532387
P00275,SITE06,2025-01-06,0.0,1.7981157387863278,5.047365834855745
P00276,SITE01,2024-12-30,0.0,0.5347760722342313,2.207501746306796
P00276,SITE01,2025-01-06,0.0,0.040365509626537927,2.1365534802678723
P00276,SITE02,2024-12-30,0.0,0.9393800759977203,2.983179738970467
P00276,SITE02,2025-01-06,0.0,0.9703149923367104,3.0749204170600954
P00276,SITE03,2024-12-30,0.0,0.8461023717066865,2.935644566871443
P00276,SITE03,2025-01-06,0.0,0.8463859492368393,3.0056760013228865
P00276,SITE04,2024-12-30,0.0,1.9838901902050672,6.082935051167255
P00276,SITE04,2025-01-06,0.0,2.0195253908170763,6.274683950899009
P00276,SITE05,2024-12-30,0.0,0.983035298846736,2.256612627185476
P00276,SITE05,2025-01-06,0.0,1.0092139651857268,2.378940353149189
P00276,SITE06,2024-12-30,0.0,1.375579604492868,5.600507808547185
P00276,SITE06,2025-01-06,0.0,1.4152495630344297,5.706090627464667
P00277,SITE01,2024-12-30,0.0,1.294199681337118,4.7335510677617565
P00277,SITE01,2025-01-06,0.0,1.29015224314021,4.878721487393805
P00277,SITE02,2024-12-30,0.0,1.9255104229957378,6.175024448029746
P00277,SITE02,2025-01-06,0.0,1.9802657061176963,6.2910571875955625
P00277,SITE03,2024-12-30,0.0,1.0032121344846527,4.065251529352308
P00277,SITE03,2025-01-06,0.0,1.0032121344846527,4.262043377454957
P00277,SITE04,2024-12-30,0.0,2.1309628041034543,7.913133201925738
P00277,SITE04,2025-01-06,0.0,2.2663840036300975,8.281624116906338
P00277,SITE05,2024-12-30,0.0,1.096782733184872,4.009616283682228
P00277,SITE05,2025-01-06,0.0,1.0961607960026045,4.220800490670544
P00277,SITE06,2024-12-30,0.0,1.4301213378712985,5.404475784245757
P00277,SITE06,2025-01-06,0.0,1.4393605196701171,5.520241211464284
P00278,SITE01,2024-12-30,0.0,2.0577002055311047,4.254269377706201
P00278,SITE01,2025-01-06,0.0,2.2032772137085193,4.42834325002219
P00278,SITE02,2024-12-30,0.0,1.2702928304069696,4.951137902789174
P00278,SITE02,2025-01-06,0.0,1.3642627779774175,5.201821272949191
P00278,SITE03,2024-12-30,0.0,0.9748775332855861,3.5347211602486204
P00278,SITE03,2025-01-06,0.0,1.1285577644772087,3.7351199845357477
P00278,SITE04,2024-12-30,0.9999973028734622,3.5665423184092178,9.752622876855735
P00278,SITE04,2025-01-06,0.9999973028734622,3.662476636051061,9.846218124169853
P00278,SITE05,2024-12-30,0.0,1.0640951384297936,3.5594240391919305
P00278,SITE05,2025-01-06,0.0,1.1812913319659926,3.7742875923645562
P00278,SITE06,2024-12-30,0.0,2.956855160307326,5.574147330577732
P00278,SITE06,2025-01-06,0.0,3.028598051938715,5.627787066805517
P00279,SITE01,2024-12-30,0.0,0.2681556840160867,1.7680195735074558
P00279,SITE01,2025-01-06,0.0,2.6971265378990327e-06,1.6119743581153845
P00279,SITE02,2024-12-30,0.0,0.2681556840160867,2.0952860996395484
P00279,SITE02,2025-01-06,0.0,2.6971265378990327e-06,1.949154179070144
P00279,SITE03,2024-12-30,0.0,0.05853318678695034,1.819704047080885
P00279,SITE03,2025-01-06,0.0,2.6971265378990327e-06,1.6671621097731615
P00279,SITE04,2024-12-30,0.0,1.0171981839430704,4.065524666881967
P00279,SITE04,2025-01-06,0.0,1.0942058685939047,4.063883365230974
P00279,SITE05,2024-12-30,0.0,0.2681556840160867,1.703392921012617
P00279,SITE05,2025-01-06,0.0,2.6971265378990327e-06,1.4722491926978285
P00279,SITE06,2024-12-30,0.0,1.2044856968219033,3.8057779625721957
P00279,SITE06,2025-01-06,0.0,1.2278165052412984,3.7903606397427736
P00280,SITE01,2024-12-30,0.0,2.243199168097205,6.2706983836092025
P00280,SITE01,2025-01-06,0.0,2.3244867409381347,6.635971580452746
P00280,SITE02,2024-12-30,0.0,2.14561181986942,6.366377473143487
P00280,SITE02,2025-01-06,0.0,2.1737520600358753,6.62849085376655
P00280,SITE03,2024-12-30,0.0,2.6837061147069563,7.020228849144762
P00280,SITE03,2025-01-06,0.0,2.7619648646238297,7.372558281821636
P00280,SITE04,2024-12-30,0.9999973028734622,7.789950628808298,11.582764342998097
P00280,SITE04,2025-01-06,0.9999973028734622,7.9901827490387936,12.270955181622647
P00280,SITE05,2024-12-30,0.0,3.1857924121604007,7.942569630523416
P00280,SITE05,2025-01-06,0.0,3.2273777923381766,8.307798791681074
P00280,SITE06,2024-12-30,0.9999973028734622,6.88943691233793,15.348258916529494
P00280,SITE06,2025-01-06,0.9999973028734622,6.9921637671101236,15.952968346815858
P00281,SITE01,2024-12-30,0.0,0.9853327283874681,2.0373431466920118
P00281,SITE01,2025-01-06,0.0,0.9846618926644733,2.0320568747617336
P00281,SITE02,2024-12-30,0.0,0.9577028717673398,1.9763487869477638
P00281,SITE02,2025-01-06,0.0,0.9607590546852868,1.9932239074242188
P00281,SITE03,2024-12-30,0.0,0.9665329648346348,2.693383768528041
P00281,SITE03,2025-01-06,0.0,0.9665329648346348,2.716335664157383
P00281,SITE04,2024-12-30,0.0,1.1492533970342242,3.3090776706970195
P00281,SITE04,2025-01-06,0.0,1.1453896422227705,3.3642400249033035
P00281,SITE05,2024-12-30,0.0,0.9128123761597644,3.3280305768671714
P00281,SITE05,2025-01-06,0.0,0.9151956383913122,3.325378403225202
P00281,SITE06,2024-12-30,0.0,1.0915497300978254,3.176231179996067
P00281,SITE06,2025-01-06,0.0,1.0915497300978254,3.2179436337978964
P00282,SITE01,2024-12-30,0.0,0.7107817011539346,3.2885049444455503
P00282,SITE01,2025-01-06,0.0,0.040365509626537927,3.329924827090229
P00282,SITE02,2024-12-30,0.0,0.9705456940676107,2.661670801109322
P00282,SITE02,2025-01-06,0.0,0.08799050962653807,2.6547496892710147
P00282,SITE03,2024-12-30,0.0,0.7064951823363284,2.5440364630687404
P00282,SITE03,2025-01-06,0.0,0.08799050962653807,2.4861109013509983
P00282,SITE04,2024-12-30,0.0,0.7629054609564361,3.4639789636168987
P00282,SITE04,2025-01-06,0.0,0.7901679861653759,3.5827917895203316
P00282,SITE05,2024-12-30,0.0,0.6583895327998425,2.738301751439395
P00282,SITE05,2025-01-06,0.0,0.1283766258558635,2.837007978287144
P00282,SITE06,2024-12-30,0.0,0.5119848897031586,3.4522822231436505
P00282,SITE06,2025-01-06,0.0,0.6257384367340689,3.650823258108448
P00283,SITE01,2024-12-30,0.0,0.2681556840160867,1.8410130442780057
P00283,SITE01,2025-01-06,0.0,2.6971265378990327e-06,1.7680549501380476
P00283,SITE02,2024-12-30,0.0,0.2681556840160867,1.8588890688210031
P00283,SITE02,2025-01-06,0.0,2.6971265378990327e-06,1.7806763468489932
P00283,SITE03,2024-12-30,0.0,0.2681556840160867,1.930572983754366
P00283,SITE03,2025-01-06,0.0,0.9724190066897628,1.8313257696435987
P00283,SITE04,2024-12-30,0.0,1.0179400323486563,3.45286491226166
P00283,SITE04,2025-01-06,0.0,1.029019387640955,3.5418770778312187
P00283,SITE05,2024-12-30,0.0,0.2681556840160867,1.6129299042319467
P00283,SITE05,2025-01-06,0.0,2.6971265378990327e-06,1.5977774752900435
P00283,SITE06,2024-12-30,0.0,0.05853318678695034,1.9633514973987298
P00283,SITE06,2025-01-06,0.0,0.4660540129558895,1.9162726705437407
P00284,SITE01,2024-12-30,0.0,1.4294829910649538,3.6923613281298615
P00284,SITE01,2025-01-06,0.0,1.4396531635586864,3.679529099305075
P00284,SITE02,2024-12-30,0.0,1.5459501948357062,5.153892023450737
P00284,SITE02,2025-01-06,0.0,1.5674037401905245,5.243630620666163
P00284,SITE03,2024-12-30,0.0,1.875221512545605,3.7208846213613476
P00284,SITE03,2025-01-06,0.0,1.9359118177654355,3.7704731995843734
P00284,SITE04,2024-12-30,0.0,2.1786106815954462,5.801265603298453
P00284,SITE04,2025-01-06,0.0,2.2520465773824223,5.884315630675471
P00284,SITE05,2024-12-30,0.0,1.4227360173639227,3.7632064475151634
P00284,SITE05,2025-01-06,0.0,1.4733933940042285,3.833457279743719
P00284,SITE06,2024-12-30,0.0,2.710065008466108,7.057280923545147
P00284,SITE06,2025-01-06,0.0,2.77880132540699,7.454070432136636
P00285,SITE01,2024-12-30,0.0,1.2721792011464603,4.000037474103049
P00285,SITE01,2025-01-06,0.0,1.282349373640193,3.9424294175187753
P00285,SITE02,2024-12-30,0.0,1.2247003044042493,3.988331012627542
P00285,SITE02,2025-01-06,0.0,1.23891791509489,3.915998730731973
P00285,SITE03,2024-12-30,0.0,1.1199369428928452,4.182437350580079
P00285,SITE03,2025-01-06,0.0,1.1049447074876233,4.31926066661499
P00285,SITE04,2024-12-30,0.9999973028734622,3.5059873041630842,8.857849405482993
P00285,SITE04,2025-01-06,0.9999973028734622,3.5384775834931714,8.966044961278847
P00285,SITE05,2024-12-30,0.0,2.9144886835759816,7.746853572618218
P00285,SITE05,2025-01-06,0.0,2.929290716488965,7.805301151352748
P00285,SITE06,2024-12-30,0.0,0.09756454191027665,3.7405360658694264
P00285,SITE06,2025-01-06,0.0,0.09756454191027665,3.8689177089334965
P00286,SITE01,2024-12-30,0.0,0.8427809300392893,3.1311534278332727
P00286,SITE01,2025-01-06,0.0,0.8737158463782794,3.333000061857889
P00286,SITE02,2024-12-30,0.0,0.6710536885680106,2.132019523417366
P00286,SITE02,2025-01-06,0.0,0.08799050962653807,1.9795229675249446
P00286,SITE03,2024-12-30,0.0,0.8831926814816867,2.5793907092261747
P00286,SITE03,2025-01-06,0.0,0.08799050962653807,2.4000603654483608
P00286,SITE04,2024-12-30,0.0,0.8972693274744187,3.923451581833939
P00286,SITE04,2025-01-06,0.0,0.9282042438134087,4.136143369929545
P00286,SITE05,2024-12-30,0.0,0.4923869202385424,3.0828908137979876
P00286,SITE05,2025-01-06,0.0,0.44696970628676336,3.26488557736052
P00286,SITE06,2024-12-30,0.0,0.531573908242658,3.9099855792533753
P00286,SITE06,2025-01-06,0.0,0.5216243224871,4.022324590387339
P00287,SITE01,2024-12-30,0.0,2.750217410857647,6.1007469014789155
P00287,SITE01,2025-01-06,0.0,2.8677645556715805,5.87669968737828
P00287,SITE02,2024-12-30,0.0,2.347457310446672,7.1480873904112485
P00287,SITE02,2025-01-06,0.0,2.4315897901710684,7.292254719738307
P00287,SITE03,2024-12-30,0.0,2.5152195204393055,5.027959947652606
P00287,SITE03,2025-01-06,0.0,2.596461621800192,5.03900233291502
P00287,SITE04,2024-12-30,0.9999973028734622,5.0447859066659895,12.568044304763085
P00287,SITE04,2025-01-06,0.9999973028734622,5.067589387587995,12.837339515082908
P00287,SITE05,2024-12-30,0.0,3.3128861322380248,8.846287232493157
P00287,SITE05,2025-01-06,0.0,3.357636965333951,8.909629853210442
P00287,SITE06,2024-12-30,0.0,2.992812104871957,9.215091906199262
P00287,SITE06,2025-01-06,0.0,3.052454945016812,9.620456148119603
P00288,SITE01,2024-12-30,0.0,0.7064951823363284,2.664000949372652
P00288,SITE01,2025-01-06,0.0,0.08799050962653807,2.7839250510035605
P00288,SITE02,2024-12-30,0.0,0.5873893318749612,3.0685833926905652
P00288,SITE02,2025-01-06,0.0,0.5730320266484945,3.1782826681916334
P00288,SITE03,2024-12-30,0.0,1.0631706940676116,2.744255499967919
P00288,SITE03,2025-01-06,0.0,0.08799050962653807,2.75015748673469
P00288,SITE04,2024-12-30,0.0,0.21766827806554156,3.354758205535744
P00288,SITE04,2025-01-06,0.0,0.3037304636163453,3.5951929857490006
P00288,SITE05,2024-12-30,0.0,0.48894267928263874,3.561303166607983
P00288,SITE05,2025-01-06,0.0,0.5905497230452786,3.7318668641265362
P00288,SITE06,2024-12-30,0.0,0.28296414080843063,4.318582872708321
P00288,SITE06,2025-01-06,0.0,0.3802658454920483,4.366897262580309
P00289,SITE01,2024-12-30,0.0,1.1988985844500375,3.7658856966170027
P00289,SITE01,2025-01-06,0.0,1.287110247001043,3.959625360215379
P00289,SITE02,2024-12-30,0.0,1.5276256918824298,5.081147609887659
P00289,SITE02,2025-01-06,0.0,1.6424200678458492,5.367019951598836
P00289,SITE03,2024-12-30,0.0,1.280693266578041,5.006481785604151
P00289,SITE03,2025-01-06,0.0,1.4446671444799069,5.21966566016766
P00289,SITE04,2024-12-30,0.9999973028734622,5.612905155178058,10.181172611442282
P00289,SITE04,2025-01-06,0.9999973028734622,5.771887703927691,10.465075873164867
P00289,SITE05,2024-12-30,0.0,1.2264622192904089,4.440191123375457
P00289,SITE05,2025-01-06,0.0,1.317657642817846,4.72779525463803
P00289,SITE06,2024-12-30,0.0,2.991393291077859,9.434716914697658
P00289,SITE06,2025-01-06,0.9999973028734622,3.4175261468883082,9.482151179708243
P00290,SITE01,2024-12-30,0.0,0.05808491022245845,3.5364748580277094
P00290,SITE01,2025-01-06,0.0,0.10755574919767154,3.6333687262613568
P00290,SITE02,2024-12-30,0.0,0.9434594871572538,3.0458914501394205
P00290,SITE02,2025-01-06,0.0,0.9484368449129518,3.211049827501734
P00290,SITE03,2024-12-30,0.0,0.2287505679201603,3.9465341947965937
P00290,SITE03,2025-01-06,0.0,0.3040007135398999,3.891305502009954
P00290,SITE04,2024-12-30,0.0,1.0086633453994558,8.091761464770856
P00290,SITE04,2025-01-06,0.0,1.0981769210841972,7.946367594411655
P00290,SITE05,2024-12-30,0.0,0.3766653250938154,3.1000787893857362
P00290,SITE05,2025-01-06,0.0,0.3455006986719739,3.1846147617670972
P00290,SITE06,2024-12-30,0.0,0.04238050478555369,3.875226268599631
P00290,SITE06,2025-01-06,0.0,0.09012270548641069,4.068301290878218
P00291,SITE01,2024-12-30,0.0,1.105836085410476,2.921499807860144
P00291,SITE01,2025-01-06,0.0,1.1215891574598413,2.9245427940020186
P00291,SITE02,2024-12-30,0.0,1.0390017829677232,3.0364468768228354
P00291,SITE02,2025-01-06,0.0,1.0397660832487727,3.049635828288203
P00291,SITE03,2024-12-30,0.0,1.0344424185671062,2.8008057258320345
P00291,SITE03,2025-01-06,0.0,1.033007140002062,2.8234391278055986
P00291,SITE04,2024-12-30,0.9999973028734622,3.0459664898905707,8.25617299347773
P00291,SITE04,2025-01-06,0.9999973028734622,3.111122256666393,8.445563318297129
P00291,SITE05,2024-12-30,0.0,0.9691233161801487,3.6025893665254722
P00291,SITE05,2025-01-06,0.0,0.9652595613686943,3.6957119816659594
P00291,SITE06,2024-12-30,0.0,1.4784755808531125,5.196957446148166
P00291,SITE06,2025-01-06,0.0,1.4972780117451123,5.30615029698445
P00292,SITE01,2024-12-30,0.0,0.7609744227340609,2.3718321911398914
P00292,SITE01,2025-01-06,0.0,0.040365509626537927,2.288636901891863
P00292,SITE02,2024-12-30,0.0,0.5125204597279226,2.0502015419545394
P00292,SITE02,2025-01-06,0.0,0.040365509626537927,1.9334243609149115
P00292,SITE03,2024-12-30,0.0,0.5125204597279226,2.53693197911824
P00292,SITE03,2025-01-06,0.0,0.040365509626537927,2.417765025375166
P00292,SITE04,2024-12-30,0.0,0.12839477494328141,4.702521951760484
P00292,SITE04,2025-01-06,0.0,0.12839477494328141,4.734274236203575
P00292,SITE05,2024-12-30,0.0,0.5488354298203848,1.9867349715318865
P00292,SITE05,2025-01-06,0.0,0.040365509626537927,1.9009097840982743
P00292,SITE06,2024-12-30,0.0,0.28270363241970164,3.2720393014078963
P00292,SITE06,2025-01-06,0.0,0.2914327153173881,3.2673797228775316
P00293,SITE01,2024-12-30,0.0,0.5413116907563946,2.9392343465383024
P00293,SITE01,2025-01-06,0.0,0.4897642525594863,2.7787240339870825
P00293,SITE02,2024-12-30,0.0,0.9401895714334976,3.1131425965627058
P00293,SITE02,2025-01-06,0.0,0.9663682377724876,3.2298691311742234
P00293,SITE03,2024-12-30,0.0,0.9163495131828251,2.448270876890435
P00293,SITE03,2025-01-06,0.0,0.9162664989845054,2.5097985869880417
P00293,SITE04,2024-12-30,0.0,2.8473504978665023,5.228688565949326
P00293,SITE04,2025-01-06,0.0,2.913234819072904,5.236579820818356
P00293,SITE05,2024-12-30,0.0,0.8607469494246394,3.059574961278474
P00293,SITE05,2025-01-06,0.0,0.8638524855875873,3.031267205898575
P00293,SITE06,2024-12-30,0.0,1.761842410766923,5.2326179489828055
P00293,SITE06,2025-01-06,0.0,1.8015123693084842,5.291637154715111
P00294,SITE01,2024-12-30,0.0,2.826070599448558,4.958842225719273
P00294,SITE01,2025-01-06,0.0,2.8965255946138515,4.989521798050123
P00294,SITE02,2024-12-30,0.0,2.0430021654511044,5.067681065779638
P00294,SITE02,2025-01-06,0.0,2.0366878951244245,5.327887941812721
P00294,SITE03,2024-12-30,0.0,1.8119685040103601,5.23302730108747
P00294,SITE03,2025-01-06,0.0,1.8303549279854578,5.912903080639165
P00294,SITE04,2024-12-30,0.9999973028734622,4.063592027190857,9.312535797883136
P00294,SITE04,2025-01-06,0.9999973028734622,4.059557269261305,9.840686975253172
P00294,SITE05,2024-12-30,0.0,1.9597028781597403,5.43607273511773
P00294,SITE05,2025-01-06,0.0,1.9533886078330605,5.754405445632216
P00294,SITE06,2024-12-30,0.0,2.161049944509347,7.046369969587456
P00294,SITE06,2025-01-06,0.0,2.157238874521789,7.16068512386612
P00295,SITE01,2024-12-30,0.0,1.1873939499627642,3.6246302201418983
P00295,SITE01,2025-01-06,0.0,1.3392289631979795,3.8566227674660043
P00295,SITE02,2024-12-30,0.0,1.1048498928385921,4.017559243867898
P00295,SITE02,2025-01-06,0.0,1.2179569920502722,4.246879047392083
P00295,SITE03,2024-12-30,0.0,1.120448011185354,3.486641543356577
P00295,SITE03,2025-01-06,0.0,1.2732920516722608,3.7341099257967216
P00295,SITE04,2024-12-30,0.0,3.7935314214910876,10.264269308246963
P00295,SITE04,2025-01-06,0.0,3.931288480610601,10.55565779724968
P00295,SITE05,2024-12-30,0.0,0.8871330549370742,5.708338722261473
P00295,SITE05,2025-01-06,0.0,0.9702470631113198,5.752072951889456
P00295,SITE06,2024-12-30,0.9999973028734622,3.948497505996514,10.465368694936291
P00295,SITE06,2025-01-06,0.9999973028734622,4.043631938793281,10.644377904993805
P00296,SITE01,2024-12-30,0.0,0.6913846636998655,4.559516630941152
P00296,SITE01,2025-01-06,0.0,0.9162895241504705,4.8196504443257355
P00296,SITE02,2024-12-30,0.0,0.8767518878509333,3.185577578503272
P00296,SITE02,2025-01-06,0.0,0.3502652458072466,3.1406890422969282
P00296,SITE03,2024-12-30,0.0,0.7689568088619765,3.3860436089607733
P00296,SITE03,2025-01-06,0.0,0.6039168254558895,3.423856411116201
P00296,SITE04,2024-12-30,0.0,1.391897732165267,4.303523711181185
P00296,SITE04,2025-01-06,0.0,1.5527686240460536,4.477160175132821
P00296,SITE05,2024-12-30,0.0,0.9165577900249192,4.52724666108385
P00296,SITE05,2025-01-06,0.0,1.0323230202222906,4.738763074072151
P00296,SITE06,2024-12-30,0.0,1.1391162766429013,4.9866697604670005
P00296,SITE06,2025-01-06,0.0,1.3459321203680756,5.252458659918198
P00297,SITE01,2024-12-30,0.0,0.6063870096465265,4.007901858080728
P00297,SITE01,2025-01-06,0.0,0.6063870096465265,4.178963618794602
P00297,SITE02,2024-12-30,0.0,1.2401077857984637,3.233308442727598
P00297,SITE02,2025-01-06,0.0,1.252395721179714,3.3427855355427285
P00297,SITE03,2024-12-30,0.0,1.0306262590385844,4.156341419272741
P00297,SITE03,2025-01-06,0.0,1.058205659557874,4.283419999603107
P00297,SITE04,2024-12-30,0.9999973028734622,3.6280436882214007,9.409453892465221
P00297,SITE04,2025-01-06,0.9999973028734622,3.6703495859083155,9.58288598509186
P00297,SITE05,2024-12-30,0.0,2.3831934041099556,6.7281916721989745
P00297,SITE05,2025-01-06,0.0,2.4790989623485786,6.789255406424548
P00297,SITE06,2024-12-30,0.0,2.6978310259022305,6.810543235111965
P00297,SITE06,2025-01-06,0.0,2.7760897758191034,7.099712742684684
P00298,SITE01,2024-12-30,0.0,3.405256165926825,8.652849388990896
P00298,SITE01,2025-01-06,0.0,3.4468415461046007,8.883479089602208
P00298,SITE02,2024-12-30,0.0,1.4028092636467306,4.0487967241942036
P00298,SITE02,2025-01-06,0.0,1.412463979030878,4.016683421220246
P00298,SITE03,2024-12-30,0.9999973028734622,3.248061115880598,6.182022014835837
P00298,SITE03,2025-01-06,0.9999973028734622,3.344228976395299,6.22630213520698
P00298,SITE04,2024-12-30,0.9999973028734622,4.564117418256157,12.770454306746952
P00298,SITE04,2025-01-06,0.9999973028734622,4.649364375087479,12.87114112458003
P00298,SITE05,2024-12-30,0.0,2.2222017658636686,4.599841125286131
P00298,SITE05,2025-01-06,0.0,2.278798497052917,4.556941314477388
P00298,SITE06,2024-12-30,0.9999973028734622,4.01014638112492,10.47355755416989
P00298,SITE06,2025-01-06,0.9999973028734622,4.056499717008743,10.467652191301987
P00299,SITE01,2024-12-30,0.0,2.8724449478631033,7.976345377581859
P00299,SITE01,2025-01-06,0.0,2.918201150850803,8.096903892183494
P00299,SITE02,2024-12-30,0.9999973028734622,2.8532755328627775,5.370608785130308
P00299,SITE02,2025-01-06,0.9999973028734622,2.9161223795124194,5.429296898457592
P00299,SITE03,2024-12-30,0.0,1.3370119236499451,4.233483412149744
P00299,SITE03,2025-01-06,0.0,1.4508383087118177,4.1645498722379894
P00299,SITE04,2024-12-30,0.0,2.268652114413296,7.794120647252188
P00299,SITE04,2025-01-06,0.0,2.3556511170835273,8.029200665168856
P00299,SITE05,2024-12-30,0.9999973028734622,3.7675958297615897,6.739436405844049
P00299,SITE05,2025-01-06,0.9999973028734622,3.8075857518033818,6.898583006820948
P00299,SITE06,2024-12-30,0.9999973028734622,4.542675919065281,11.75642171715559
P00299,SITE06,2025-01-06,0.9999973028734622,4.589029254949103,11.915555714111287
P00300,SITE01,2024-12-30,0.0,1.0409294580851292,3.925151793366221
P00300,SITE01,2025-01-06,0.0,1.0764742733713697,4.065729319591459
P00300,SITE02,2024-12-30,0.0,1.1134282646691958,4.585574180536146
P00300,SITE02,2025-01-06,0.0,1.204276115557982,4.655273342729775
P00300,SITE03,2024-12-30,0.0,0.9334024470202928,3.8715613422860113
P00300,SITE03,2025-01-06,0.0,0.9935379190585729,3.9167092346616683
P00300,SITE04,2024-12-30,0.9999973028734622,3.286206798261514,9.326154274276464
P00300,SITE04,2025-01-06,0.9999973028734622,3.3637653567427725,9.191531622689407
P00300,SITE05,2024-12-30,0.0,0.9846238259977204,3.270424597431217
P00300,SITE05,2025-01-06,0.0,1.010802492336711,3.3621563869343363
P00300,SITE06,2024-12-30,0.9999973028734622,5.117014151314274,12.0830688033265
P00300,SITE06,2025-01-06,0.9999973028734622,5.205258220804117,12.186699017515343
